date,timechuo,open,high,low,close,vol
2020-03-15 15:38,1584257880,35.15,35.19,35.13,35.19,289.8985
2020-03-15 15:39,1584257940,35.2,35.21,35.14,35.18,173.43931
2020-03-15 15:40,1584258000,35.17,35.18,35.16,35.16,48.27961
2020-03-15 15:41,1584258060,35.16,35.24,35.15,35.21,241.7403
2020-03-15 15:42,1584258120,35.2,35.23,35.2,35.22,176.52656
2020-03-15 15:43,1584258180,35.22,35.22,35.18,35.22,98.94246
2020-03-15 15:44,1584258240,35.21,35.24,35.19,35.2,167.94408
2020-03-15 15:45,1584258300,35.21,35.23,35.2,35.23,36.06839
2020-03-15 15:46,1584258360,35.23,35.33,35.21,35.29,409.52162
2020-03-15 15:47,1584258420,35.29,35.3,35.23,35.24,374.39781
2020-03-15 15:48,1584258480,35.25,35.25,35.2,35.22,412.47031
2020-03-15 15:49,1584258540,35.23,35.23,35.12,35.15,180.4576
2020-03-15 15:50,1584258600,35.14,35.21,35.13,35.19,358.0741
2020-03-15 15:51,1584258660,35.18,35.19,35.14,35.15,76.64051
2020-03-15 15:52,1584258720,35.15,35.3,35.15,35.24,1280.50319
2020-03-15 15:53,1584258780,35.24,35.28,35.24,35.26,220.3842
2020-03-15 15:54,1584258840,35.23,35.29,35.21,35.25,764.16373
2020-03-15 15:55,1584258900,35.25,35.25,35.23,35.24,43.77806
2020-03-15 15:56,1584258960,35.24,35.28,35.24,35.27,52.21673
2020-03-15 15:57,1584259020,35.27,35.33,35.27,35.3,267.90141
2020-03-15 15:58,1584259080,35.3,35.3,35.27,35.3,51.14447
2020-03-15 15:59,1584259140,35.3,35.3,35.2,35.25,576.2895
2020-03-15 16:00,1584259200,35.25,35.25,35.21,35.21,286.42065
2020-03-15 16:01,1584259260,35.21,35.21,35.15,35.15,272.18224
2020-03-15 16:02,1584259320,35.16,35.18,35.05,35.13,1109.00749
2020-03-15 16:03,1584259380,35.13,35.14,35.06,35.08,796.46667
2020-03-15 16:04,1584259440,35.08,35.17,35.08,35.09,1206.8153
2020-03-15 16:05,1584259500,35.09,35.16,35.09,35.11,227.68128
2020-03-15 16:06,1584259560,35.1,35.11,35.07,35.09,161.11934
2020-03-15 16:07,1584259620,35.1,35.18,35.1,35.15,680.6539
2020-03-15 16:08,1584259680,35.15,35.18,35.11,35.14,197.84896
2020-03-15 16:09,1584259740,35.15,35.18,35.14,35.15,135.01543
2020-03-15 16:10,1584259800,35.15,35.18,35.15,35.17,123.33774
2020-03-15 16:11,1584259860,35.16,35.19,35.16,35.18,526.06314
2020-03-15 16:12,1584259920,35.18,35.18,35.15,35.16,38.47466
2020-03-15 16:13,1584259980,35.16,35.16,35.09,35.13,397.05568
2020-03-15 16:14,1584260040,35.11,35.13,35.07,35.09,137.05496
2020-03-15 16:15,1584260100,35.08,35.14,35.08,35.14,243.69316
2020-03-15 16:16,1584260160,35.13,35.17,35.13,35.15,337.10787
2020-03-15 16:17,1584260220,35.15,35.16,35.13,35.15,231.58038
2020-03-15 16:18,1584260280,35.16,35.16,35.06,35.07,300.47644
2020-03-15 16:19,1584260340,35.07,35.16,35.06,35.15,632.16493
2020-03-15 16:20,1584260400,35.15,35.18,35.1,35.14,712.23253
2020-03-15 16:21,1584260460,35.16,35.18,35.07,35.11,1256.18458
2020-03-15 16:22,1584260520,35.11,35.13,35.09,35.11,254.67036
2020-03-15 16:23,1584260580,35.11,35.17,35.08,35.14,192.26633
2020-03-15 16:24,1584260640,35.13,35.17,35.13,35.15,174.3893
2020-03-15 16:25,1584260700,35.16,35.32,35.16,35.24,2709.7025
2020-03-15 16:26,1584260760,35.23,35.32,35.18,35.26,2062.75769
2020-03-15 16:27,1584260820,35.27,35.38,35.27,35.32,1795.79502
2020-03-15 16:28,1584260880,35.31,35.42,35.29,35.33,325.4097
2020-03-15 16:29,1584260940,35.33,35.39,35.33,35.37,104.14284
2020-03-15 16:30,1584261000,35.36,35.5,35.36,35.45,774.25244
2020-03-15 16:31,1584261060,35.44,35.45,35.38,35.43,156.86827
2020-03-15 16:32,1584261120,35.43,35.46,35.4,35.46,77.06944
2020-03-15 16:33,1584261180,35.46,35.46,35.41,35.43,58.35447
2020-03-15 16:34,1584261240,35.43,35.44,35.41,35.42,17.99049
2020-03-15 16:35,1584261300,35.42,35.47,35.41,35.46,134.3408
2020-03-15 16:36,1584261360,35.47,35.48,35.42,35.44,116.40859
2020-03-15 16:37,1584261420,35.46,35.62,35.46,35.54,1657.25008
2020-03-15 16:38,1584261480,35.55,35.62,35.55,35.58,328.66515
2020-03-15 16:39,1584261540,35.58,35.59,35.53,35.54,263.20533
2020-03-15 16:40,1584261600,35.53,35.53,35.44,35.46,996.19753
2020-03-15 16:41,1584261660,35.45,35.45,35.42,35.44,73.97551
2020-03-15 16:42,1584261720,35.43,35.46,35.41,35.43,273.69236
2020-03-15 16:43,1584261780,35.42,35.42,35.33,35.35,1163.2045
2020-03-15 16:44,1584261840,35.36,35.38,35.32,35.34,127.99076
2020-03-15 16:45,1584261900,35.33,35.33,35.26,35.26,179.30357
2020-03-15 16:46,1584261960,35.28,35.3,35.25,35.28,305.32784
2020-03-15 16:47,1584262020,35.28,35.28,35.25,35.25,78.69513
2020-03-15 16:48,1584262080,35.25,35.3,35.25,35.25,366.28043
2020-03-15 16:49,1584262140,35.24,35.25,35.18,35.2,254.68357
2020-03-15 16:50,1584262200,35.2,35.21,35.17,35.19,43.03323
2020-03-15 16:51,1584262260,35.18,35.19,35.13,35.13,79.27593
2020-03-15 16:52,1584262320,35.13,35.14,35.09,35.11,161.11486
2020-03-15 16:53,1584262380,35.09,35.12,35.07,35.08,248.44926
2020-03-15 16:54,1584262440,35.08,35.08,35.04,35.06,107.31278
2020-03-15 16:55,1584262500,35.07,35.19,35.07,35.14,873.18367
2020-03-15 16:56,1584262560,35.15,35.16,35.13,35.13,41.89354
2020-03-15 16:57,1584262620,35.13,35.17,35.12,35.16,498.47123
2020-03-15 16:58,1584262680,35.16,35.18,35.13,35.17,132.17878
2020-03-15 16:59,1584262740,35.15,35.19,35.14,35.14,367.06571
2020-03-15 17:00,1584262800,35.14,35.15,35.11,35.13,123.33217
2020-03-15 17:01,1584262860,35.12,35.18,35.12,35.16,136.2256
2020-03-15 17:02,1584262920,35.16,35.21,35.15,35.2,276.39141
2020-03-15 17:03,1584262980,35.21,35.23,35.19,35.23,412.87237
2020-03-15 17:04,1584263040,35.23,35.29,35.22,35.28,458.09451
2020-03-15 17:05,1584263100,35.28,35.33,35.27,35.29,343.49794
2020-03-15 17:06,1584263160,35.3,35.31,35.28,35.3,226.94086
2020-03-15 17:07,1584263220,35.29,35.33,35.29,35.33,172.19751
2020-03-15 17:08,1584263280,35.33,35.35,35.31,35.32,178.31048
2020-03-15 17:09,1584263340,35.32,35.32,35.29,35.31,334.21563
2020-03-15 17:10,1584263400,35.3,35.32,35.27,35.29,254.44953
2020-03-15 17:11,1584263460,35.27,35.27,35.18,35.2,686.83252
2020-03-15 17:12,1584263520,35.2,35.2,35.15,35.15,326.88462
2020-03-15 17:13,1584263580,35.14,35.16,35.08,35.09,578.38519
2020-03-15 17:14,1584263640,35.1,35.14,35.1,35.11,218.82344
2020-03-15 17:15,1584263700,35.12,35.13,35.08,35.08,156.32041
2020-03-15 17:16,1584263760,35.09,35.09,35.03,35.06,326.85443
2020-03-15 17:17,1584263820,35.06,35.07,34.99,35.04,973.38943
2020-03-15 17:18,1584263880,35.03,35.04,34.99,35.03,132.05771
2020-03-15 17:19,1584263940,35.02,35.06,35.02,35.03,103.795
2020-03-15 17:20,1584264000,35.04,35.04,34.99,35.02,470.83471
2020-03-15 17:21,1584264060,35.02,35.04,35.0,35.02,331.96303
2020-03-15 17:22,1584264120,35.02,35.02,34.94,34.98,640.50247
2020-03-15 17:23,1584264180,34.97,35.01,34.97,34.98,111.20303
2020-03-15 17:24,1584264240,34.98,35.0,34.98,34.99,52.81694
2020-03-15 17:25,1584264300,34.99,35.03,34.99,35.01,136.29466
2020-03-15 17:26,1584264360,35.02,35.14,35.0,35.14,721.12311
2020-03-15 17:27,1584264420,35.14,35.2,35.13,35.2,855.94983
2020-03-15 17:28,1584264480,35.2,35.22,35.1,35.16,769.28198
2020-03-15 17:29,1584264540,35.15,35.17,35.13,35.14,79.79149
2020-03-15 17:30,1584264600,35.14,35.19,35.14,35.19,323.31428
2020-03-15 17:31,1584264660,35.19,35.19,35.11,35.18,622.22949
2020-03-15 17:32,1584264720,35.16,35.17,35.12,35.16,524.41449
2020-03-15 17:33,1584264780,35.16,35.17,35.14,35.15,113.28171
2020-03-15 17:34,1584264840,35.15,35.17,35.14,35.15,50.64271
2020-03-15 17:35,1584264900,35.16,35.24,35.14,35.24,442.05244
2020-03-15 17:36,1584264960,35.23,35.3,35.23,35.3,469.76189
2020-03-15 17:37,1584265020,35.31,35.37,35.28,35.32,781.10514
2020-03-15 17:38,1584265080,35.3,35.3,35.27,35.28,305.91018
2020-03-15 17:39,1584265140,35.28,35.28,35.19,35.21,401.55207
2020-03-15 17:40,1584265200,35.21,35.25,35.21,35.23,192.62579
2020-03-15 17:41,1584265260,35.23,35.24,35.22,35.23,50.40774
2020-03-15 17:42,1584265320,35.23,35.29,35.22,35.29,409.24093
2020-03-15 17:43,1584265380,35.28,35.29,35.26,35.27,85.27621
2020-03-15 17:44,1584265440,35.28,35.28,35.2,35.21,536.19344
2020-03-15 17:45,1584265500,35.21,35.21,35.18,35.18,148.03083
2020-03-15 17:46,1584265560,35.18,35.24,35.18,35.22,247.88792
2020-03-15 17:47,1584265620,35.22,35.23,35.21,35.22,59.30138
2020-03-15 17:48,1584265680,35.22,35.31,35.22,35.31,275.92699
2020-03-15 17:49,1584265740,35.29,35.31,35.28,35.3,397.64037
2020-03-15 17:50,1584265800,35.31,35.32,35.25,35.31,221.49444
2020-03-15 17:51,1584265860,35.3,35.3,35.27,35.29,94.01902
2020-03-15 17:52,1584265920,35.28,35.31,35.26,35.29,296.9653
2020-03-15 17:53,1584265980,35.29,35.3,35.25,35.27,262.73499
2020-03-15 17:54,1584266040,35.27,35.28,35.23,35.24,320.95062
2020-03-15 17:55,1584266100,35.22,35.28,35.22,35.27,189.54197
2020-03-15 17:56,1584266160,35.27,35.3,35.27,35.28,303.44828
2020-03-15 17:57,1584266220,35.27,35.28,35.25,35.28,212.66837
2020-03-15 17:58,1584266280,35.26,35.26,35.22,35.26,70.22391
2020-03-15 17:59,1584266340,35.23,35.25,35.21,35.25,267.61644
2020-03-15 18:00,1584266400,35.25,35.29,35.24,35.26,34.10818
2020-03-15 18:01,1584266460,35.27,35.3,35.26,35.29,176.74608
2020-03-15 18:02,1584266520,35.29,35.32,35.29,35.32,79.67309
2020-03-15 18:03,1584266580,35.32,35.33,35.31,35.32,83.4518
2020-03-15 18:04,1584266640,35.32,35.32,35.28,35.32,207.17747
2020-03-15 18:05,1584266700,35.32,35.32,35.23,35.25,264.41107
2020-03-15 18:06,1584266760,35.27,35.32,35.26,35.27,1085.8571
2020-03-15 18:07,1584266820,35.26,35.29,35.25,35.27,66.86107
2020-03-15 18:08,1584266880,35.27,35.29,35.27,35.29,32.92523
2020-03-15 18:09,1584266940,35.29,35.29,35.25,35.25,130.75271
2020-03-15 18:10,1584267000,35.25,35.25,35.21,35.23,483.3033
2020-03-15 18:11,1584267060,35.22,35.29,35.22,35.28,127.20739
2020-03-15 18:12,1584267120,35.29,35.33,35.28,35.32,356.43176
2020-03-15 18:13,1584267180,35.32,35.42,35.32,35.42,503.62636
2020-03-15 18:14,1584267240,35.42,35.55,35.41,35.54,2152.41336
2020-03-15 18:15,1584267300,35.54,35.55,35.47,35.55,539.46948
2020-03-15 18:16,1584267360,35.55,35.66,35.54,35.66,1726.27803
2020-03-15 18:17,1584267420,35.65,35.68,35.6,35.67,390.09229
2020-03-15 18:18,1584267480,35.67,35.93,35.63,35.89,5408.97429
2020-03-15 18:19,1584267540,35.9,36.06,35.78,35.84,5464.21097
2020-03-15 18:20,1584267600,35.85,35.99,35.8,35.94,3541.19903
2020-03-15 18:21,1584267660,35.94,35.94,35.76,35.79,2304.93204
2020-03-15 18:22,1584267720,35.8,35.93,35.8,35.85,1250.57257
2020-03-15 18:23,1584267780,35.87,36.15,35.87,36.12,1793.64881
2020-03-15 18:24,1584267840,36.14,36.37,36.14,36.28,9370.03119
2020-03-15 18:25,1584267900,36.27,36.35,36.15,36.17,2324.32001
2020-03-15 18:26,1584267960,36.17,36.25,36.02,36.24,2322.2874
2020-03-15 18:27,1584268020,36.24,36.26,36.02,36.06,1596.923
2020-03-15 18:28,1584268080,36.07,36.14,36.02,36.08,1389.20238
2020-03-15 18:29,1584268140,36.07,36.07,35.94,35.97,1340.06829
2020-03-15 18:30,1584268200,35.99,36.13,35.98,36.12,1827.15374
2020-03-15 18:31,1584268260,36.13,36.29,36.1,36.18,2336.37681
2020-03-15 18:32,1584268320,36.2,36.2,36.05,36.13,705.26807
2020-03-15 18:33,1584268380,36.13,36.2,35.97,35.99,2926.85877
2020-03-15 18:34,1584268440,36.0,36.03,35.9,35.96,1664.35167
2020-03-15 18:35,1584268500,35.97,36.04,35.96,35.96,1269.73616
2020-03-15 18:36,1584268560,35.96,35.97,35.9,35.91,474.29068
2020-03-15 18:37,1584268620,35.91,35.99,35.91,35.97,385.87732
2020-03-15 18:38,1584268680,35.97,36.04,35.97,36.02,718.66591
2020-03-15 18:39,1584268740,36.03,36.18,36.03,36.17,1481.94719
2020-03-15 18:40,1584268800,36.19,36.37,36.17,36.36,3296.89614
2020-03-15 18:41,1584268860,36.37,36.96,36.35,36.78,7066.78147
2020-03-15 18:42,1584268920,36.77,36.77,36.43,36.56,6944.80832
2020-03-15 18:43,1584268980,36.57,36.75,36.38,36.48,4109.69092
2020-03-15 18:44,1584269040,36.48,36.71,36.48,36.51,2856.60049
2020-03-15 18:45,1584269100,36.51,36.56,36.38,36.4,2226.07975
2020-03-15 18:46,1584269160,36.39,36.53,36.39,36.49,1722.4123
2020-03-15 18:47,1584269220,36.5,36.5,36.38,36.4,304.58283
2020-03-15 18:48,1584269280,36.39,36.55,36.39,36.53,1216.77546
2020-03-15 18:49,1584269340,36.54,36.59,36.41,36.41,1594.2751
2020-03-15 18:50,1584269400,36.41,36.41,36.29,36.31,932.7136
2020-03-15 18:51,1584269460,36.29,36.36,36.28,36.34,1193.85586
2020-03-15 18:52,1584269520,36.35,36.44,36.34,36.43,872.85328
2020-03-15 18:53,1584269580,36.43,36.43,36.3,36.3,1121.68099
2020-03-15 18:54,1584269640,36.31,36.42,36.31,36.41,1160.78026
2020-03-15 18:55,1584269700,36.41,36.42,36.38,36.41,940.86156
2020-03-15 18:56,1584269760,36.41,36.42,36.31,36.31,532.16386
2020-03-15 18:57,1584269820,36.31,36.31,36.21,36.22,407.14606
2020-03-15 18:58,1584269880,36.21,36.26,36.04,36.04,1992.45885
2020-03-15 18:59,1584269940,36.03,36.15,36.0,36.12,1752.33673
2020-03-15 19:00,1584270000,36.12,36.29,36.11,36.17,1287.60356
2020-03-15 19:01,1584270060,36.19,36.23,36.04,36.06,2168.77719
2020-03-15 19:02,1584270120,36.05,36.07,36.01,36.03,782.05627
2020-03-15 19:03,1584270180,36.03,36.1,36.02,36.03,435.19323
2020-03-15 19:04,1584270240,36.04,36.05,35.97,35.97,490.13904
2020-03-15 19:05,1584270300,35.96,36.02,35.88,35.89,593.06694
2020-03-15 19:06,1584270360,35.88,35.98,35.83,35.9,1814.72745
2020-03-15 19:07,1584270420,35.9,35.94,35.86,35.9,487.90512
2020-03-15 19:08,1584270480,35.89,35.93,35.86,35.93,407.85537
2020-03-15 19:09,1584270540,35.94,35.98,35.93,35.97,400.94563
2020-03-15 19:10,1584270600,35.98,35.98,35.95,35.97,90.89777
2020-03-15 19:11,1584270660,35.99,35.99,35.89,35.96,434.6084
2020-03-15 19:12,1584270720,35.97,36.12,35.97,36.09,1615.39904
2020-03-15 19:13,1584270780,36.09,36.14,35.99,36.02,1707.76465
2020-03-15 19:14,1584270840,36.02,36.05,35.88,35.94,2997.72304
2020-03-15 19:15,1584270900,35.93,35.99,35.85,35.91,3517.49695
2020-03-15 19:16,1584270960,35.93,36.04,35.92,35.94,972.16743
2020-03-15 19:17,1584271020,35.94,36.02,35.94,36.01,316.26921
2020-03-15 19:18,1584271080,36.01,36.02,35.88,35.91,462.66396
2020-03-15 19:19,1584271140,35.91,35.92,35.86,35.89,279.70928
2020-03-15 19:20,1584271200,35.88,35.93,35.87,35.89,503.92057
2020-03-15 19:21,1584271260,35.88,35.92,35.81,35.84,638.16247
2020-03-15 19:22,1584271320,35.84,35.95,35.81,35.93,898.03296
2020-03-15 19:23,1584271380,35.93,35.93,35.88,35.88,261.01798
2020-03-15 19:24,1584271440,35.89,35.9,35.84,35.85,232.40369
2020-03-15 19:25,1584271500,35.86,35.96,35.86,35.95,935.52768
2020-03-15 19:26,1584271560,35.95,36.08,35.94,36.03,2286.54506
2020-03-15 19:27,1584271620,36.06,36.15,36.02,36.13,1039.40068
2020-03-15 19:28,1584271680,36.14,36.17,36.08,36.08,380.78274
2020-03-15 19:29,1584271740,36.07,36.07,36.0,36.03,413.6262
2020-03-15 19:30,1584271800,36.05,36.18,36.05,36.15,907.12827
2020-03-15 19:31,1584271860,36.16,36.16,36.08,36.12,408.98637
2020-03-15 19:32,1584271920,36.13,36.17,36.09,36.1,314.27023
2020-03-15 19:33,1584271980,36.09,36.09,35.98,35.99,378.91919
2020-03-15 19:34,1584272040,35.99,35.99,35.92,35.93,494.81429
2020-03-15 19:35,1584272100,35.94,36.05,35.92,36.03,733.14538
2020-03-15 19:36,1584272160,36.03,36.04,35.95,35.95,518.27904
2020-03-15 19:37,1584272220,35.96,35.98,35.94,35.98,51.77122
2020-03-15 19:38,1584272280,35.98,36.07,35.98,36.04,355.42176
2020-03-15 19:39,1584272340,36.04,36.04,35.96,36.02,137.46849
2020-03-15 19:40,1584272400,36.02,36.15,36.02,36.14,409.75401
2020-03-15 19:41,1584272460,36.13,36.14,36.07,36.11,365.47111
2020-03-15 19:42,1584272520,36.08,36.18,36.08,36.09,201.3039
2020-03-15 19:43,1584272580,36.09,36.11,36.04,36.08,119.03032
2020-03-15 19:44,1584272640,36.09,36.13,36.09,36.12,50.39183
2020-03-15 19:45,1584272700,36.12,36.12,36.0,36.01,119.76906
2020-03-15 19:46,1584272760,36.01,36.12,36.01,36.12,751.29277
2020-03-15 19:47,1584272820,36.12,36.13,36.06,36.06,357.24753
2020-03-15 19:48,1584272880,36.06,36.13,36.03,36.12,585.13033
2020-03-15 19:49,1584272940,36.11,36.15,36.07,36.12,382.92957
2020-03-15 19:50,1584273000,36.12,36.14,36.09,36.12,234.76865
2020-03-15 19:51,1584273060,36.12,36.14,36.1,36.11,160.76251
2020-03-15 19:52,1584273120,36.12,36.17,36.12,36.15,365.11877
2020-03-15 19:53,1584273180,36.15,36.25,36.15,36.2,787.37952
2020-03-15 19:54,1584273240,36.19,36.31,36.19,36.25,884.77363
2020-03-15 19:55,1584273300,36.23,36.24,36.21,36.24,61.43297
2020-03-15 19:56,1584273360,36.25,36.26,36.21,36.22,135.66223
2020-03-15 19:57,1584273420,36.22,36.22,36.13,36.15,766.17994
2020-03-15 19:58,1584273480,36.15,36.16,36.14,36.15,25.16527
2020-03-15 19:59,1584273540,36.15,36.16,36.13,36.14,161.49429
2020-03-15 20:00,1584273600,36.13,36.14,36.11,36.12,75.65599
2020-03-15 20:01,1584273660,36.13,36.29,36.13,36.29,423.11539
2020-03-15 20:02,1584273720,36.29,36.45,36.26,36.37,3164.05277
2020-03-15 20:03,1584273780,36.36,36.49,36.33,36.47,766.31571
2020-03-15 20:04,1584273840,36.47,36.51,36.43,36.45,510.93439
2020-03-15 20:05,1584273900,36.45,36.45,36.29,36.3,488.34229
2020-03-15 20:06,1584273960,36.29,36.39,36.29,36.32,369.91898
2020-03-15 20:07,1584274020,36.32,36.39,36.31,36.35,1142.33905
2020-03-15 20:08,1584274080,36.35,36.4,36.34,36.38,429.26336
2020-03-15 20:09,1584274140,36.39,36.4,36.38,36.38,926.46943
2020-03-15 20:10,1584274200,36.39,36.49,36.38,36.47,546.52859
2020-03-15 20:11,1584274260,36.47,36.49,36.45,36.47,201.45656
2020-03-15 20:12,1584274320,36.47,36.47,36.39,36.46,230.76962
2020-03-15 20:13,1584274380,36.45,36.63,36.43,36.62,591.14396
2020-03-15 20:14,1584274440,36.61,36.67,36.54,36.66,1075.01094
2020-03-15 20:15,1584274500,36.66,36.97,36.66,36.85,2468.29821
2020-03-15 20:16,1584274560,36.84,37.2,36.81,37.0,4953.66613
2020-03-15 20:17,1584274620,37.0,37.0,36.79,36.8,2231.86419
2020-03-15 20:18,1584274680,36.77,36.94,36.75,36.78,2375.3477
2020-03-15 20:19,1584274740,36.75,36.79,36.64,36.65,1640.7421
2020-03-15 20:20,1584274800,36.66,36.72,36.57,36.58,1084.33146
2020-03-15 20:21,1584274860,36.58,36.59,36.5,36.5,828.96445
2020-03-15 20:22,1584274920,36.5,36.53,36.43,36.46,507.21759
2020-03-15 20:23,1584274980,36.48,36.49,36.36,36.41,847.52497
2020-03-15 20:24,1584275040,36.39,36.44,36.28,36.3,792.61906
2020-03-15 20:25,1584275100,36.31,36.39,36.27,36.38,713.99611
2020-03-15 20:26,1584275160,36.38,36.4,36.08,36.13,3522.62388
2020-03-15 20:27,1584275220,36.14,36.15,35.86,36.12,10717.18402
2020-03-15 20:28,1584275280,36.12,36.13,35.92,35.96,3161.52939
2020-03-15 20:29,1584275340,35.99,36.05,35.85,35.87,2775.468
2020-03-15 20:30,1584275400,35.87,35.98,35.8,35.87,2466.79586
2020-03-15 20:31,1584275460,35.87,36.02,35.87,36.0,1046.93993
2020-03-15 20:32,1584275520,36.01,36.07,35.71,35.77,2477.25628
2020-03-15 20:33,1584275580,35.78,35.82,35.51,35.66,4017.22245
2020-03-15 20:34,1584275640,35.65,35.78,35.58,35.69,1965.12788
2020-03-15 20:35,1584275700,35.67,35.78,35.66,35.71,747.30802
2020-03-15 20:36,1584275760,35.71,35.71,35.63,35.64,521.39264
2020-03-15 20:37,1584275820,35.65,35.65,35.49,35.59,1665.74675
2020-03-15 20:38,1584275880,35.59,35.78,35.58,35.74,1050.82751
2020-03-15 20:39,1584275940,35.74,35.81,35.65,35.77,996.55438
2020-03-15 20:40,1584276000,35.77,35.91,35.76,35.87,595.73577
2020-03-15 20:41,1584276060,35.88,35.91,35.73,35.74,1217.51843
2020-03-15 20:42,1584276120,35.73,35.8,35.71,35.77,895.24893
2020-03-15 20:43,1584276180,35.76,35.87,35.74,35.86,408.28142
2020-03-15 20:44,1584276240,35.87,35.87,35.79,35.81,776.52941
2020-03-15 20:45,1584276300,35.82,35.87,35.8,35.84,333.74065
2020-03-15 20:46,1584276360,35.83,35.9,35.81,35.83,509.14467
2020-03-15 20:47,1584276420,35.82,35.84,35.7,35.72,797.27112
2020-03-15 20:48,1584276480,35.73,35.78,35.67,35.75,1286.43957
2020-03-15 20:49,1584276540,35.75,35.77,35.72,35.75,400.92819
2020-03-15 20:50,1584276600,35.76,35.78,35.74,35.77,303.50511
2020-03-15 20:51,1584276660,35.77,35.79,35.71,35.72,182.58433
2020-03-15 20:52,1584276720,35.72,35.77,35.69,35.71,362.49654
2020-03-15 20:53,1584276780,35.7,35.75,35.7,35.75,226.78281
2020-03-15 20:54,1584276840,35.72,35.72,35.61,35.65,1060.6302
2020-03-15 20:55,1584276900,35.66,35.78,35.65,35.78,470.34265
2020-03-15 20:56,1584276960,35.78,35.85,35.74,35.74,1031.92423
2020-03-15 20:57,1584277020,35.75,35.78,35.75,35.78,85.64164
2020-03-15 20:58,1584277080,35.79,35.81,35.78,35.79,55.80724
2020-03-15 20:59,1584277140,35.8,35.82,35.73,35.73,177.16753
2020-03-15 21:00,1584277200,35.73,35.76,35.72,35.74,197.23351
2020-03-15 21:01,1584277260,35.75,35.92,35.74,35.92,452.12668
2020-03-15 21:02,1584277320,35.91,35.98,35.89,35.94,432.83558
2020-03-15 21:03,1584277380,35.94,35.97,35.91,35.92,482.35967
2020-03-15 21:04,1584277440,35.92,35.92,35.88,35.9,139.14539
2020-03-15 21:05,1584277500,35.89,35.9,35.87,35.9,127.64369
2020-03-15 21:06,1584277560,35.9,35.92,35.85,35.88,267.12463
2020-03-15 21:07,1584277620,35.87,35.87,35.83,35.84,69.46127
2020-03-15 21:08,1584277680,35.85,35.92,35.85,35.9,635.17141
2020-03-15 21:09,1584277740,35.89,35.92,35.89,35.9,212.66856
2020-03-15 21:10,1584277800,35.9,35.94,35.87,35.88,285.53349
2020-03-15 21:11,1584277860,35.89,35.89,35.87,35.89,196.40923
2020-03-15 21:12,1584277920,35.88,35.89,35.86,35.88,170.76268
2020-03-15 21:13,1584277980,35.88,35.88,35.8,35.81,574.713
2020-03-15 21:14,1584278040,35.81,35.81,35.75,35.77,287.38962
2020-03-15 21:15,1584278100,35.75,35.81,35.7,35.8,696.49639
2020-03-15 21:16,1584278160,35.8,35.8,35.74,35.74,112.38842
2020-03-15 21:17,1584278220,35.73,35.73,35.71,35.72,88.05607
2020-03-15 21:18,1584278280,35.72,35.86,35.72,35.84,311.0125
2020-03-15 21:19,1584278340,35.84,35.86,35.79,35.83,336.91157
2020-03-15 21:20,1584278400,35.82,35.88,35.81,35.87,194.26963
2020-03-15 21:21,1584278460,35.87,35.98,35.87,35.95,476.7756
2020-03-15 21:22,1584278520,35.95,36.0,35.95,35.99,81.65033
2020-03-15 21:23,1584278580,35.98,35.98,35.9,35.9,358.462
2020-03-15 21:24,1584278640,35.91,35.94,35.89,35.9,237.22663
2020-03-15 21:25,1584278700,35.9,35.94,35.9,35.92,325.71391
2020-03-15 21:26,1584278760,35.92,36.0,35.91,35.99,302.27365
2020-03-15 21:27,1584278820,35.99,36.0,35.96,35.96,64.80521
2020-03-15 21:28,1584278880,35.97,35.99,35.95,35.98,70.86219
2020-03-15 21:29,1584278940,35.97,35.98,35.96,35.97,99.77978
2020-03-15 21:30,1584279000,35.96,35.98,35.91,35.97,642.95525
2020-03-15 21:31,1584279060,35.97,36.12,35.96,36.07,1330.60444
2020-03-15 21:32,1584279120,36.08,36.21,36.06,36.16,683.80865
2020-03-15 21:33,1584279180,36.15,36.17,36.11,36.13,362.67272
2020-03-15 21:34,1584279240,36.13,36.15,36.09,36.11,110.73185
2020-03-15 21:35,1584279300,36.11,36.12,36.01,36.12,1792.43091
2020-03-15 21:36,1584279360,36.11,36.13,36.07,36.08,1239.71346
2020-03-15 21:37,1584279420,36.07,36.07,36.02,36.02,99.25554
2020-03-15 21:38,1584279480,36.02,36.03,36.0,36.0,400.04249
2020-03-15 21:39,1584279540,36.0,36.06,36.0,36.06,477.84923
2020-03-15 21:40,1584279600,36.06,36.11,36.05,36.1,655.25828
2020-03-15 21:41,1584279660,36.1,36.14,36.1,36.12,232.92753
2020-03-15 21:42,1584279720,36.11,36.2,36.1,36.14,496.00413
2020-03-15 21:43,1584279780,36.15,36.24,36.15,36.23,121.75164
2020-03-15 21:44,1584279840,36.22,36.25,36.2,36.22,224.52066
2020-03-15 21:45,1584279900,36.22,36.25,36.18,36.25,140.89154
2020-03-15 21:46,1584279960,36.24,36.27,36.2,36.2,128.49239
2020-03-15 21:47,1584280020,36.2,36.2,36.05,36.07,1018.01789
2020-03-15 21:48,1584280080,36.06,36.14,36.05,36.08,558.42645
2020-03-15 21:49,1584280140,36.07,36.07,36.02,36.05,504.44796
2020-03-15 21:50,1584280200,36.04,36.04,35.96,35.98,380.43035
2020-03-15 21:51,1584280260,35.96,35.97,35.93,35.95,128.49704
2020-03-15 21:52,1584280320,35.94,36.02,35.92,35.99,306.62879
2020-03-15 21:53,1584280380,35.99,36.0,35.93,35.93,196.84428
2020-03-15 21:54,1584280440,35.95,35.96,35.94,35.95,23.10105
2020-03-15 21:55,1584280500,35.95,36.01,35.95,36.01,396.44265
2020-03-15 21:56,1584280560,36.0,36.05,36.0,36.04,265.69645
2020-03-15 21:57,1584280620,36.04,36.04,36.02,36.04,17.66231
2020-03-15 21:58,1584280680,36.03,36.03,35.93,35.95,172.3794
2020-03-15 21:59,1584280740,35.94,35.99,35.94,35.97,272.97344
2020-03-15 22:00,1584280800,35.98,36.0,35.89,35.9,529.99432
2020-03-15 22:01,1584280860,35.9,35.99,35.9,35.95,253.75033
2020-03-15 22:02,1584280920,35.97,35.99,35.93,35.99,456.2714
2020-03-15 22:03,1584280980,35.98,36.03,35.98,36.02,126.12209
2020-03-15 22:04,1584281040,36.02,36.04,35.97,35.97,254.29371
2020-03-15 22:05,1584281100,35.97,36.04,35.97,36.02,49.06387
2020-03-15 22:06,1584281160,36.01,36.04,36.01,36.03,34.46826
2020-03-15 22:07,1584281220,36.03,36.04,35.92,35.92,424.62566
2020-03-15 22:08,1584281280,35.91,35.91,35.84,35.84,371.24033
2020-03-15 22:09,1584281340,35.85,35.87,35.83,35.84,80.06958
2020-03-15 22:10,1584281400,35.83,35.83,35.82,35.83,7.6492
2020-03-15 22:11,1584281460,35.83,35.83,35.73,35.73,446.28284
2020-03-15 22:12,1584281520,35.74,35.77,35.71,35.71,138.83121
2020-03-15 22:13,1584281580,35.73,35.73,35.65,35.67,347.02728
2020-03-15 22:14,1584281640,35.69,35.71,35.64,35.65,387.77623
2020-03-15 22:15,1584281700,35.65,35.76,35.65,35.76,536.76146
2020-03-15 22:16,1584281760,35.73,35.74,35.69,35.72,220.27043
2020-03-15 22:17,1584281820,35.72,35.83,35.72,35.83,387.76998
2020-03-15 22:18,1584281880,35.81,35.81,35.77,35.79,485.23455
2020-03-15 22:19,1584281940,35.78,35.78,35.58,35.64,1087.1222
2020-03-15 22:20,1584282000,35.66,35.66,35.31,35.39,5035.20378
2020-03-15 22:21,1584282060,35.39,35.55,35.38,35.38,2458.77614
2020-03-15 22:22,1584282120,35.39,35.84,35.32,35.56,7196.67318
2020-03-15 22:23,1584282180,35.56,35.66,35.5,35.63,2571.25841
2020-03-15 22:24,1584282240,35.64,35.68,35.6,35.61,1153.0869
2020-03-15 22:25,1584282300,35.61,35.74,35.61,35.73,784.03285
2020-03-15 22:26,1584282360,35.72,35.82,35.69,35.78,578.61224
2020-03-15 22:27,1584282420,35.79,35.79,35.69,35.7,535.47229
2020-03-15 22:28,1584282480,35.68,35.76,35.68,35.74,311.80554
2020-03-15 22:29,1584282540,35.73,35.74,35.67,35.67,359.60261
2020-03-15 22:30,1584282600,35.68,35.85,35.68,35.81,1998.99421
2020-03-15 22:31,1584282660,35.8,35.92,35.79,35.88,1214.77402
2020-03-15 22:32,1584282720,35.88,35.9,35.84,35.89,374.54249
2020-03-15 22:33,1584282780,35.88,35.92,35.87,35.92,303.54117
2020-03-15 22:34,1584282840,35.92,35.96,35.89,35.94,140.44062
2020-03-15 22:35,1584282900,35.95,36.11,35.94,36.07,1713.94904
2020-03-15 22:36,1584282960,36.07,36.09,35.96,35.99,1184.10504
2020-03-15 22:37,1584283020,35.98,35.98,35.92,35.95,668.85301
2020-03-15 22:38,1584283080,35.96,35.96,35.89,35.9,197.48597
2020-03-15 22:39,1584283140,35.91,35.98,35.91,35.96,571.19879
2020-03-15 22:40,1584283200,35.95,35.95,35.92,35.93,117.15641
2020-03-15 22:41,1584283260,35.93,35.93,35.9,35.91,142.89256
2020-03-15 22:42,1584283320,35.91,35.91,35.85,35.86,218.12101
2020-03-15 22:43,1584283380,35.85,35.88,35.8,35.87,716.89927
2020-03-15 22:44,1584283440,35.87,35.87,35.82,35.82,138.76605
2020-03-15 22:45,1584283500,35.83,35.84,35.8,35.8,126.90123
2020-03-15 22:46,1584283560,35.8,35.81,35.78,35.81,208.73704
2020-03-15 22:47,1584283620,35.8,35.8,35.74,35.75,318.76904
2020-03-15 22:48,1584283680,35.74,35.74,35.65,35.68,614.3368
2020-03-15 22:49,1584283740,35.68,35.69,35.63,35.65,83.26403
2020-03-15 22:50,1584283800,35.66,35.72,35.63,35.72,113.45588
2020-03-15 22:51,1584283860,35.71,35.81,35.71,35.75,1112.29708
2020-03-15 22:52,1584283920,35.75,35.75,35.7,35.71,163.03982
2020-03-15 22:53,1584283980,35.71,35.71,35.65,35.7,854.71342
2020-03-15 22:54,1584284040,35.7,35.86,35.7,35.85,1388.67298
2020-03-15 22:55,1584284100,35.86,35.89,35.82,35.86,527.22161
2020-03-15 22:56,1584284160,35.86,35.89,35.85,35.86,165.28886
2020-03-15 22:57,1584284220,35.85,35.86,35.81,35.84,128.35145
2020-03-15 22:58,1584284280,35.86,35.88,35.84,35.87,167.51226
2020-03-15 22:59,1584284340,35.85,35.86,35.83,35.84,143.211
2020-03-15 23:00,1584284400,35.85,35.86,35.8,35.83,174.12407
2020-03-15 23:01,1584284460,35.81,35.81,35.72,35.73,571.61104
2020-03-15 23:02,1584284520,35.73,35.74,35.69,35.72,76.09009
2020-03-15 23:03,1584284580,35.72,35.72,35.7,35.7,76.07582
2020-03-15 23:04,1584284640,35.7,35.81,35.68,35.81,875.57632
2020-03-15 23:05,1584284700,35.82,36.01,35.8,35.98,1518.66647
2020-03-15 23:06,1584284760,35.99,36.05,35.93,35.95,680.02036
2020-03-15 23:07,1584284820,35.95,35.97,35.91,35.92,1450.44827
2020-03-15 23:08,1584284880,35.93,36.05,35.93,36.02,231.21217
2020-03-15 23:09,1584284940,36.02,36.06,35.98,35.99,563.0139
2020-03-15 23:10,1584285000,35.98,36.05,35.97,35.99,331.8021
2020-03-15 23:11,1584285060,35.97,35.98,35.95,35.97,72.7327
2020-03-15 23:12,1584285120,35.97,35.98,35.92,35.93,71.54613
2020-03-15 23:13,1584285180,35.93,35.98,35.91,35.98,161.64429
2020-03-15 23:14,1584285240,35.98,36.01,35.96,36.0,163.89776
2020-03-15 23:15,1584285300,36.0,36.04,35.95,36.02,626.31711
2020-03-15 23:16,1584285360,36.0,36.09,36.0,36.08,255.05789
2020-03-15 23:17,1584285420,36.08,36.09,36.07,36.08,185.77192
2020-03-15 23:18,1584285480,36.06,36.1,36.06,36.09,152.66911
2020-03-15 23:19,1584285540,36.09,36.13,36.09,36.13,459.60246
2020-03-15 23:20,1584285600,36.12,36.25,36.1,36.25,481.72993
2020-03-15 23:21,1584285660,36.25,36.29,36.22,36.25,1326.8164
2020-03-15 23:22,1584285720,36.25,36.26,36.15,36.21,1379.05463
2020-03-15 23:23,1584285780,36.21,36.24,36.16,36.24,687.63416
2020-03-15 23:24,1584285840,36.21,36.22,36.18,36.2,367.03551
2020-03-15 23:25,1584285900,36.19,36.23,36.16,36.17,1119.72588
2020-03-15 23:26,1584285960,36.16,36.2,36.13,36.18,636.77013
2020-03-15 23:27,1584286020,36.18,36.24,36.17,36.22,407.17668
2020-03-15 23:28,1584286080,36.23,36.36,36.21,36.34,634.24085
2020-03-15 23:29,1584286140,36.33,36.4,36.29,36.39,408.31807
2020-03-15 23:30,1584286200,36.38,36.4,36.35,36.37,434.95672
2020-03-15 23:31,1584286260,36.37,36.38,36.29,36.31,812.22293
2020-03-15 23:32,1584286320,36.3,36.35,36.25,36.27,443.19355
2020-03-15 23:33,1584286380,36.26,36.26,36.16,36.18,2331.39849
2020-03-15 23:34,1584286440,36.18,36.24,36.17,36.2,757.98945
2020-03-15 23:35,1584286500,36.2,36.21,36.15,36.18,346.90469
2020-03-15 23:36,1584286560,36.16,36.17,36.13,36.14,148.43261
2020-03-15 23:37,1584286620,36.14,36.15,36.08,36.13,60.45833
2020-03-15 23:38,1584286680,36.11,36.15,36.07,36.07,109.31177
2020-03-15 23:39,1584286740,36.06,36.06,35.97,35.98,369.70389
2020-03-15 23:40,1584286800,35.97,35.98,35.93,35.94,95.1321
2020-03-15 23:41,1584286860,35.95,35.95,35.91,35.95,171.82593
2020-03-15 23:42,1584286920,35.95,36.02,35.95,36.01,146.06865
2020-03-15 23:43,1584286980,36.01,36.07,36.01,36.06,320.94911
2020-03-15 23:44,1584287040,36.04,36.05,36.0,36.02,280.74312
2020-03-15 23:45,1584287100,36.02,36.02,35.89,35.89,587.15189
2020-03-15 23:46,1584287160,35.9,35.9,35.73,35.84,1403.45915
2020-03-15 23:47,1584287220,35.85,35.87,35.83,35.87,206.74731
2020-03-15 23:48,1584287280,35.87,35.88,35.84,35.85,144.87976
2020-03-15 23:49,1584287340,35.83,35.86,35.83,35.84,111.7304
2020-03-15 23:50,1584287400,35.83,35.85,35.81,35.85,47.02526
2020-03-15 23:51,1584287460,35.83,35.93,35.81,35.92,489.67839
2020-03-15 23:52,1584287520,35.91,35.93,35.89,35.9,279.85795
2020-03-15 23:53,1584287580,35.91,35.91,35.84,35.87,1320.07824
2020-03-15 23:54,1584287640,35.85,35.87,35.8,35.85,513.20712
2020-03-15 23:55,1584287700,35.84,35.84,35.8,35.82,235.4006
2020-03-15 23:56,1584287760,35.82,35.93,35.82,35.91,653.11488
2020-03-15 23:57,1584287820,35.91,35.96,35.91,35.96,658.89998
2020-03-15 23:58,1584287880,35.94,36.0,35.94,35.99,410.99645
2020-03-15 23:59,1584287940,35.98,36.01,35.97,35.99,178.7838
2020-03-16 00:00,1584288000,36.0,36.02,35.98,36.0,1599.36016
2020-03-16 00:01,1584288060,36.0,36.35,36.0,36.34,1424.25952
2020-03-16 00:02,1584288120,36.34,36.34,36.17,36.19,1392.44594
2020-03-16 00:03,1584288180,36.18,36.25,36.12,36.15,888.34388
2020-03-16 00:04,1584288240,36.17,36.2,36.16,36.2,223.58881
2020-03-16 00:05,1584288300,36.19,36.2,36.09,36.11,2219.51654
2020-03-16 00:06,1584288360,36.11,36.11,36.01,36.09,272.1956
2020-03-16 00:07,1584288420,36.09,36.13,36.06,36.06,208.51356
2020-03-16 00:08,1584288480,36.06,36.06,36.03,36.06,92.8413
2020-03-16 00:09,1584288540,36.05,36.14,36.05,36.11,598.15296
2020-03-16 00:10,1584288600,36.1,36.11,36.06,36.09,371.72074
2020-03-16 00:11,1584288660,36.07,36.09,36.02,36.06,464.10004
2020-03-16 00:12,1584288720,36.06,36.07,36.04,36.05,107.97757
2020-03-16 00:13,1584288780,36.05,36.05,35.95,35.96,379.31471
2020-03-16 00:14,1584288840,35.96,35.96,35.85,35.88,275.52745
2020-03-16 00:15,1584288900,35.88,35.89,35.86,35.88,32.04669
2020-03-16 00:16,1584288960,35.88,36.03,35.88,36.01,1940.79722
2020-03-16 00:17,1584289020,36.01,36.03,35.99,36.0,235.18142
2020-03-16 00:18,1584289080,36.0,36.0,35.92,35.94,348.21486
2020-03-16 00:19,1584289140,35.93,35.95,35.9,35.93,376.19876
2020-03-16 00:20,1584289200,35.93,36.01,35.91,36.0,225.25498
2020-03-16 00:21,1584289260,36.0,36.01,35.99,36.01,83.87932
2020-03-16 00:22,1584289320,36.0,36.0,35.95,35.96,95.88692
2020-03-16 00:23,1584289380,35.95,35.96,35.94,35.96,10.85128
2020-03-16 00:24,1584289440,35.95,36.0,35.95,35.97,198.1499
2020-03-16 00:25,1584289500,35.98,36.04,35.98,36.04,347.84573
2020-03-16 00:26,1584289560,36.05,36.06,36.01,36.01,117.53624
2020-03-16 00:27,1584289620,36.02,36.02,35.96,35.97,500.23294
2020-03-16 00:28,1584289680,35.96,35.96,35.85,35.86,1542.63721
2020-03-16 00:29,1584289740,35.85,35.89,35.83,35.89,309.58271
2020-03-16 00:30,1584289800,35.88,35.88,35.87,35.87,8.46863
2020-03-16 00:31,1584289860,35.86,35.86,35.8,35.8,143.31621
2020-03-16 00:32,1584289920,35.8,35.8,35.73,35.74,195.79758
2020-03-16 00:33,1584289980,35.72,35.74,35.63,35.63,1418.78087
2020-03-16 00:34,1584290040,35.62,35.63,35.55,35.59,1034.49394
2020-03-16 00:35,1584290100,35.56,35.59,35.53,35.56,990.83179
2020-03-16 00:36,1584290160,35.54,35.57,35.52,35.56,128.07229
2020-03-16 00:37,1584290220,35.57,35.81,35.57,35.81,1305.06502
2020-03-16 00:38,1584290280,35.82,35.88,35.71,35.76,2481.19363
2020-03-16 00:39,1584290340,35.74,35.77,35.67,35.73,1376.28322
2020-03-16 00:40,1584290400,35.75,35.75,35.67,35.72,77.4594
2020-03-16 00:41,1584290460,35.72,35.73,35.64,35.68,325.98723
2020-03-16 00:42,1584290520,35.69,35.76,35.68,35.72,418.50562
2020-03-16 00:43,1584290580,35.72,35.75,35.67,35.69,484.41586
2020-03-16 00:44,1584290640,35.69,35.79,35.69,35.73,642.58368
2020-03-16 00:45,1584290700,35.72,35.81,35.7,35.8,505.89776
2020-03-16 00:46,1584290760,35.8,35.83,35.79,35.82,118.10335
2020-03-16 00:47,1584290820,35.82,35.88,35.81,35.88,228.99699
2020-03-16 00:48,1584290880,35.87,35.91,35.84,35.86,330.83073
2020-03-16 00:49,1584290940,35.87,35.9,35.8,35.89,151.29881
2020-03-16 00:50,1584291000,35.89,36.03,35.89,36.01,1979.8653
2020-03-16 00:51,1584291060,36.0,36.11,35.98,36.06,2003.5995
2020-03-16 00:52,1584291120,36.07,36.07,35.93,35.93,862.69051
2020-03-16 00:53,1584291180,35.94,36.04,35.89,35.99,1237.73791
2020-03-16 00:54,1584291240,35.99,36.02,35.92,35.93,681.99605
2020-03-16 00:55,1584291300,35.93,36.0,35.93,35.96,94.20695
2020-03-16 00:56,1584291360,35.96,36.02,35.95,35.98,282.29329
2020-03-16 00:57,1584291420,36.0,36.1,36.0,36.07,692.142
2020-03-16 00:58,1584291480,36.06,36.08,36.03,36.05,73.77914
2020-03-16 00:59,1584291540,36.04,36.12,36.04,36.07,334.03325
2020-03-16 01:00,1584291600,36.06,36.08,36.04,36.05,47.05242
2020-03-16 01:01,1584291660,36.05,36.05,36.02,36.02,41.04012
2020-03-16 01:02,1584291720,36.01,36.03,35.96,35.96,226.70686
2020-03-16 01:03,1584291780,35.96,35.96,35.88,35.89,405.59453
2020-03-16 01:04,1584291840,35.89,36.04,35.89,36.02,318.0233
2020-03-16 01:05,1584291900,36.04,36.05,35.97,36.02,957.20868
2020-03-16 01:06,1584291960,36.02,36.04,36.02,36.03,71.31207
2020-03-16 01:07,1584292020,36.03,36.03,36.01,36.01,150.22566
2020-03-16 01:08,1584292080,36.02,36.05,36.02,36.05,163.34883
2020-03-16 01:09,1584292140,36.04,36.05,36.03,36.05,28.2002
2020-03-16 01:10,1584292200,36.05,36.05,36.03,36.04,27.93355
2020-03-16 01:11,1584292260,36.05,36.07,36.01,36.01,268.38106
2020-03-16 01:12,1584292320,36.03,36.1,36.03,36.08,155.10311
2020-03-16 01:13,1584292380,36.07,36.07,36.04,36.05,267.65371
2020-03-16 01:14,1584292440,36.06,36.08,36.04,36.06,38.12187
2020-03-16 01:15,1584292500,36.06,36.06,35.98,35.99,495.13437
2020-03-16 01:16,1584292560,35.99,35.99,35.89,35.89,514.14585
2020-03-16 01:17,1584292620,35.9,35.9,35.87,35.87,38.10729
2020-03-16 01:18,1584292680,35.87,35.88,35.84,35.84,188.51856
2020-03-16 01:19,1584292740,35.85,35.85,35.83,35.83,22.80482
2020-03-16 01:20,1584292800,35.83,35.85,35.79,35.85,473.07711
2020-03-16 01:21,1584292860,35.85,35.9,35.85,35.89,300.92947
2020-03-16 01:22,1584292920,35.9,35.91,35.85,35.87,67.05475
2020-03-16 01:23,1584292980,35.88,35.89,35.86,35.89,12.25795
2020-03-16 01:24,1584293040,35.89,35.96,35.86,35.96,115.28746
2020-03-16 01:25,1584293100,35.96,36.03,35.93,35.96,673.4832
2020-03-16 01:26,1584293160,35.98,35.99,35.97,35.97,80.3037
2020-03-16 01:27,1584293220,35.98,36.01,35.97,35.98,221.58786
2020-03-16 01:28,1584293280,35.97,36.29,35.97,36.29,4500.6139
2020-03-16 01:29,1584293340,36.3,36.35,36.17,36.29,2482.61145
2020-03-16 01:30,1584293400,36.26,36.26,36.16,36.22,1660.07234
2020-03-16 01:31,1584293460,36.23,36.23,36.14,36.15,429.04273
2020-03-16 01:32,1584293520,36.14,36.15,36.09,36.12,85.78784
2020-03-16 01:33,1584293580,36.12,36.16,36.12,36.14,113.57952
2020-03-16 01:34,1584293640,36.13,36.14,36.05,36.09,405.54071
2020-03-16 01:35,1584293700,36.11,36.13,36.06,36.09,95.83196
2020-03-16 01:36,1584293760,36.08,36.11,36.07,36.1,107.19414
2020-03-16 01:37,1584293820,36.1,36.1,36.09,36.1,521.06457
2020-03-16 01:38,1584293880,36.1,36.12,36.09,36.12,411.19895
2020-03-16 01:39,1584293940,36.11,36.11,36.0,36.03,640.75449
2020-03-16 01:40,1584294000,36.04,36.05,36.02,36.03,18.47209
2020-03-16 01:41,1584294060,36.04,36.04,35.99,35.99,99.23215
2020-03-16 01:42,1584294120,36.0,36.03,36.0,36.01,392.70165
2020-03-16 01:43,1584294180,36.01,36.03,36.01,36.03,111.54118
2020-03-16 01:44,1584294240,36.03,36.03,36.02,36.03,15.23106
2020-03-16 01:45,1584294300,36.02,36.11,36.0,36.11,563.96746
2020-03-16 01:46,1584294360,36.1,36.12,36.06,36.12,539.98008
2020-03-16 01:47,1584294420,36.12,36.12,36.01,36.02,246.76418
2020-03-16 01:48,1584294480,36.01,36.05,35.96,35.97,188.33685
2020-03-16 01:49,1584294540,35.97,35.98,35.94,35.94,93.92351
2020-03-16 01:50,1584294600,35.96,35.96,35.86,35.88,436.00793
2020-03-16 01:51,1584294660,35.87,35.89,35.85,35.89,77.18319
2020-03-16 01:52,1584294720,35.88,35.9,35.88,35.89,13.31147
2020-03-16 01:53,1584294780,35.89,35.95,35.89,35.94,344.76549
2020-03-16 01:54,1584294840,35.93,35.94,35.9,35.91,185.43683
2020-03-16 01:55,1584294900,35.92,35.93,35.91,35.93,74.61488
2020-03-16 01:56,1584294960,35.93,35.94,35.9,35.91,93.10016
2020-03-16 01:57,1584295020,35.91,35.91,35.82,35.83,521.69257
2020-03-16 01:58,1584295080,35.83,35.84,35.66,35.66,1448.17197
2020-03-16 01:59,1584295140,35.68,35.71,35.65,35.66,367.64316
2020-03-16 02:00,1584295200,35.65,35.77,35.65,35.74,797.36559
2020-03-16 02:01,1584295260,35.74,35.77,35.68,35.68,232.33996
2020-03-16 02:02,1584295320,35.69,35.75,35.69,35.74,314.47088
2020-03-16 02:03,1584295380,35.75,35.75,35.7,35.7,89.1657
2020-03-16 02:04,1584295440,35.7,35.74,35.7,35.74,79.84934
2020-03-16 02:05,1584295500,35.74,35.78,35.74,35.76,245.67953
2020-03-16 02:06,1584295560,35.76,35.77,35.73,35.75,174.52356
2020-03-16 02:07,1584295620,35.76,35.81,35.76,35.78,198.9253
2020-03-16 02:08,1584295680,35.78,35.81,35.78,35.8,79.91842
2020-03-16 02:09,1584295740,35.8,35.8,35.71,35.72,199.55603
2020-03-16 02:10,1584295800,35.71,35.71,35.67,35.68,1029.15362
2020-03-16 02:11,1584295860,35.67,35.68,35.64,35.64,112.29593
2020-03-16 02:12,1584295920,35.66,35.66,35.62,35.64,247.23427
2020-03-16 02:13,1584295980,35.64,35.64,35.57,35.63,600.87111
2020-03-16 02:14,1584296040,35.64,35.74,35.64,35.7,973.80272
2020-03-16 02:15,1584296100,35.69,35.73,35.68,35.72,342.93514
2020-03-16 02:16,1584296160,35.73,35.74,35.71,35.74,32.53517
2020-03-16 02:17,1584296220,35.74,35.75,35.72,35.73,27.38813
2020-03-16 02:18,1584296280,35.73,35.76,35.72,35.75,664.76034
2020-03-16 02:19,1584296340,35.75,35.75,35.73,35.75,24.56736
2020-03-16 02:20,1584296400,35.75,35.75,35.7,35.71,79.55825
2020-03-16 02:21,1584296460,35.71,35.75,35.71,35.72,138.43097
2020-03-16 02:22,1584296520,35.73,35.73,35.69,35.71,155.83411
2020-03-16 02:23,1584296580,35.7,35.73,35.69,35.73,250.14552
2020-03-16 02:24,1584296640,35.74,35.86,35.74,35.83,359.07386
2020-03-16 02:25,1584296700,35.84,35.84,35.78,35.79,227.2078
2020-03-16 02:26,1584296760,35.8,35.83,35.8,35.8,112.18191
2020-03-16 02:27,1584296820,35.8,35.88,35.8,35.84,115.80752
2020-03-16 02:28,1584296880,35.84,35.84,35.8,35.83,58.53188
2020-03-16 02:29,1584296940,35.82,35.84,35.81,35.82,33.73513
2020-03-16 02:30,1584297000,35.83,35.84,35.8,35.8,291.92884
2020-03-16 02:31,1584297060,35.81,35.81,35.74,35.75,243.84046
2020-03-16 02:32,1584297120,35.74,35.76,35.71,35.76,46.50785
2020-03-16 02:33,1584297180,35.76,35.76,35.75,35.75,26.05885
2020-03-16 02:34,1584297240,35.75,35.77,35.75,35.76,18.34889
2020-03-16 02:35,1584297300,35.76,35.76,35.74,35.75,156.18169
2020-03-16 02:36,1584297360,35.76,35.88,35.76,35.88,498.93062
2020-03-16 02:37,1584297420,35.89,35.94,35.85,35.87,732.99991
2020-03-16 02:38,1584297480,35.87,35.93,35.87,35.93,102.57844
2020-03-16 02:39,1584297540,35.92,35.95,35.92,35.93,99.87836
2020-03-16 02:40,1584297600,35.93,35.98,35.91,35.96,542.4782
2020-03-16 02:41,1584297660,35.96,35.99,35.95,35.99,193.90878
2020-03-16 02:42,1584297720,35.99,36.0,35.93,35.93,163.62439
2020-03-16 02:43,1584297780,35.92,35.93,35.88,35.9,484.98466
2020-03-16 02:44,1584297840,35.88,35.9,35.87,35.88,295.13716
2020-03-16 02:45,1584297900,35.88,35.97,35.87,35.95,859.71008
2020-03-16 02:46,1584297960,35.95,35.98,35.94,35.97,141.95492
2020-03-16 02:47,1584298020,35.98,35.99,35.96,35.99,64.65207
2020-03-16 02:48,1584298080,36.0,36.0,35.95,35.99,436.33125
2020-03-16 02:49,1584298140,36.0,36.0,35.97,35.98,123.27601
2020-03-16 02:50,1584298200,35.98,35.98,35.96,35.97,121.72124
2020-03-16 02:51,1584298260,35.98,35.98,35.96,35.98,84.3105
2020-03-16 02:52,1584298320,35.97,35.97,35.95,35.95,268.59298
2020-03-16 02:53,1584298380,35.95,35.96,35.93,35.93,20.12745
2020-03-16 02:54,1584298440,35.93,35.94,35.89,35.89,325.11852
2020-03-16 02:55,1584298500,35.88,35.89,35.87,35.88,16.48524
2020-03-16 02:56,1584298560,35.87,35.96,35.87,35.96,208.66517
2020-03-16 02:57,1584298620,35.95,35.96,35.93,35.96,97.9907
2020-03-16 02:58,1584298680,35.95,35.95,35.93,35.93,35.27538
2020-03-16 02:59,1584298740,35.94,35.94,35.93,35.93,6.9601
2020-03-16 03:00,1584298800,35.93,35.98,35.93,35.98,30.7529
2020-03-16 03:01,1584298860,35.97,36.02,35.97,36.0,296.03886
2020-03-16 03:02,1584298920,36.0,36.02,35.98,35.98,307.03201
2020-03-16 03:03,1584298980,35.95,35.98,35.92,35.95,552.126
2020-03-16 03:04,1584299040,35.96,35.99,35.94,35.97,55.55199
2020-03-16 03:05,1584299100,35.97,35.98,35.93,35.93,168.21285
2020-03-16 03:06,1584299160,35.93,35.93,35.9,35.92,50.54707
2020-03-16 03:07,1584299220,35.94,35.98,35.94,35.98,142.16187
2020-03-16 03:08,1584299280,35.98,36.01,35.97,35.97,174.83258
2020-03-16 03:09,1584299340,35.96,35.99,35.95,35.98,59.5387
2020-03-16 03:10,1584299400,35.98,35.98,35.97,35.97,2.77386
2020-03-16 03:11,1584299460,35.97,35.98,35.93,35.93,84.37968
2020-03-16 03:12,1584299520,35.92,35.93,35.91,35.92,79.98923
2020-03-16 03:13,1584299580,35.92,35.92,35.9,35.9,32.32441
2020-03-16 03:14,1584299640,35.91,35.99,35.91,35.99,327.29662
2020-03-16 03:15,1584299700,36.0,36.03,35.99,36.01,195.3768
2020-03-16 03:16,1584299760,36.0,36.24,35.99,36.17,3411.82022
2020-03-16 03:17,1584299820,36.16,36.27,36.15,36.2,2256.67342
2020-03-16 03:18,1584299880,36.2,36.23,36.13,36.14,436.29567
2020-03-16 03:19,1584299940,36.13,36.2,36.11,36.17,472.55273
2020-03-16 03:20,1584300000,36.17,36.17,36.07,36.08,354.14905
2020-03-16 03:21,1584300060,36.06,36.09,36.0,36.02,373.1576
2020-03-16 03:22,1584300120,36.02,36.04,36.0,36.0,43.7981
2020-03-16 03:23,1584300180,36.0,36.06,36.0,36.05,49.95966
2020-03-16 03:24,1584300240,36.04,36.07,36.04,36.06,106.55762
2020-03-16 03:25,1584300300,36.05,36.06,36.0,36.0,40.48052
2020-03-16 03:26,1584300360,35.99,36.13,35.99,36.11,1951.24316
2020-03-16 03:27,1584300420,36.1,36.1,36.03,36.03,309.7355
2020-03-16 03:28,1584300480,36.03,36.11,36.03,36.11,89.93469
2020-03-16 03:29,1584300540,36.1,36.15,36.09,36.13,187.6788
2020-03-16 03:30,1584300600,36.13,36.19,36.11,36.17,309.91281
2020-03-16 03:31,1584300660,36.17,36.2,36.09,36.12,940.13371
2020-03-16 03:32,1584300720,36.12,36.12,36.02,36.02,522.40861
2020-03-16 03:33,1584300780,36.01,36.05,36.01,36.05,75.53756
2020-03-16 03:34,1584300840,36.05,36.09,36.05,36.06,216.56285
2020-03-16 03:35,1584300900,36.05,36.05,36.0,36.0,67.31309
2020-03-16 03:36,1584300960,36.01,36.01,35.99,36.0,72.14589
2020-03-16 03:37,1584301020,36.01,36.01,35.94,35.94,215.86438
2020-03-16 03:38,1584301080,35.95,36.02,35.94,36.02,116.14933
2020-03-16 03:39,1584301140,36.01,36.02,35.97,35.97,11.33653
2020-03-16 03:40,1584301200,35.97,36.05,35.97,36.02,177.7293
2020-03-16 03:41,1584301260,36.01,36.08,36.01,36.08,71.22281
2020-03-16 03:42,1584301320,36.06,36.13,36.06,36.09,276.04337
2020-03-16 03:43,1584301380,36.08,36.09,36.04,36.06,104.95521
2020-03-16 03:44,1584301440,36.04,36.05,36.0,36.0,149.32874
2020-03-16 03:45,1584301500,36.0,36.0,35.98,35.99,24.25263
2020-03-16 03:46,1584301560,36.0,36.02,35.98,36.01,71.40639
2020-03-16 03:47,1584301620,36.0,36.02,35.99,36.02,44.28672
2020-03-16 03:48,1584301680,36.0,36.02,36.0,36.0,38.04059
2020-03-16 03:49,1584301740,35.99,36.0,35.99,35.99,6.33363
2020-03-16 03:50,1584301800,36.01,36.02,36.0,36.0,36.76338
2020-03-16 03:51,1584301860,36.01,36.01,36.0,36.01,2.45188
2020-03-16 03:52,1584301920,36.0,36.06,36.0,36.05,66.99223
2020-03-16 03:53,1584301980,36.05,36.06,36.02,36.03,65.88104
2020-03-16 03:54,1584302040,36.03,36.04,36.02,36.02,27.08629
2020-03-16 03:55,1584302100,36.02,36.07,36.02,36.05,34.21832
2020-03-16 03:56,1584302160,36.06,36.06,36.05,36.05,175.42137
2020-03-16 03:57,1584302220,36.05,36.07,35.89,35.9,1015.93149
2020-03-16 03:58,1584302280,35.88,35.88,35.73,35.83,2565.80825
2020-03-16 03:59,1584302340,35.81,35.81,35.72,35.75,819.37689
2020-03-16 04:00,1584302400,35.74,35.83,35.7,35.81,328.13023
2020-03-16 04:01,1584302460,35.81,35.81,35.73,35.73,142.11784
2020-03-16 04:02,1584302520,35.74,35.77,35.73,35.74,422.62517
2020-03-16 04:03,1584302580,35.73,35.74,35.71,35.71,154.29481
2020-03-16 04:04,1584302640,35.72,35.73,35.69,35.71,548.21094
2020-03-16 04:05,1584302700,35.71,35.73,35.67,35.67,966.11078
2020-03-16 04:06,1584302760,35.67,35.68,35.59,35.6,1169.84057
2020-03-16 04:07,1584302820,35.61,35.7,35.6,35.68,710.99683
2020-03-16 04:08,1584302880,35.71,35.75,35.68,35.75,808.24003
2020-03-16 04:09,1584302940,35.75,35.77,35.62,35.65,1092.61479
2020-03-16 04:10,1584303000,35.63,35.67,35.6,35.6,537.71501
2020-03-16 04:11,1584303060,35.61,35.63,35.52,35.52,302.68093
2020-03-16 04:12,1584303120,35.52,35.59,35.51,35.58,1564.20162
2020-03-16 04:13,1584303180,35.59,35.87,35.59,35.82,3736.73303
2020-03-16 04:14,1584303240,35.82,35.83,35.73,35.76,723.27004
2020-03-16 04:15,1584303300,35.76,35.85,35.72,35.79,347.01145
2020-03-16 04:16,1584303360,35.8,35.83,35.79,35.81,73.51321
2020-03-16 04:17,1584303420,35.8,35.86,35.8,35.85,284.59335
2020-03-16 04:18,1584303480,35.85,35.85,35.78,35.8,217.09011
2020-03-16 04:19,1584303540,35.8,35.8,35.75,35.77,180.45778
2020-03-16 04:20,1584303600,35.76,35.77,35.69,35.69,148.80916
2020-03-16 04:21,1584303660,35.69,35.77,35.68,35.72,404.31922
2020-03-16 04:22,1584303720,35.73,35.76,35.72,35.73,159.91584
2020-03-16 04:23,1584303780,35.74,35.8,35.73,35.76,264.99189
2020-03-16 04:24,1584303840,35.76,35.82,35.75,35.82,195.8356
2020-03-16 04:25,1584303900,35.83,35.89,35.82,35.88,180.21804
2020-03-16 04:26,1584303960,35.88,35.89,35.86,35.87,193.05025
2020-03-16 04:27,1584304020,35.88,35.89,35.8,35.8,215.97597
2020-03-16 04:28,1584304080,35.82,35.82,35.77,35.77,231.72501
2020-03-16 04:29,1584304140,35.78,35.78,35.74,35.76,34.44528
2020-03-16 04:30,1584304200,35.76,35.76,35.7,35.74,88.0122
2020-03-16 04:31,1584304260,35.75,35.84,35.72,35.78,509.20808
2020-03-16 04:32,1584304320,35.79,35.86,35.78,35.86,913.66679
2020-03-16 04:33,1584304380,35.85,35.85,35.76,35.76,287.9885
2020-03-16 04:34,1584304440,35.78,35.81,35.77,35.78,100.8014
2020-03-16 04:35,1584304500,35.78,35.78,35.71,35.75,138.29375
2020-03-16 04:36,1584304560,35.76,35.76,35.73,35.74,25.6756
2020-03-16 04:37,1584304620,35.72,35.73,35.65,35.65,154.35058
2020-03-16 04:38,1584304680,35.66,35.7,35.63,35.7,316.9221
2020-03-16 04:39,1584304740,35.7,35.7,35.65,35.65,140.93357
2020-03-16 04:40,1584304800,35.66,35.68,35.65,35.66,55.32932
2020-03-16 04:41,1584304860,35.67,35.67,35.61,35.63,76.31347
2020-03-16 04:42,1584304920,35.63,35.67,35.6,35.65,456.43417
2020-03-16 04:43,1584304980,35.65,35.68,35.61,35.62,81.0889
2020-03-16 04:44,1584305040,35.62,35.63,35.58,35.62,221.22894
2020-03-16 04:45,1584305100,35.62,35.63,35.59,35.61,171.37165
2020-03-16 04:46,1584305160,35.61,35.71,35.61,35.66,596.22884
2020-03-16 04:47,1584305220,35.66,35.67,35.6,35.62,346.16742
2020-03-16 04:48,1584305280,35.62,35.62,35.5,35.51,672.71359
2020-03-16 04:49,1584305340,35.51,35.54,35.41,35.41,1441.3926
2020-03-16 04:50,1584305400,35.42,35.48,35.34,35.38,1571.53978
2020-03-16 04:51,1584305460,35.37,35.42,35.35,35.38,388.62817
2020-03-16 04:52,1584305520,35.37,35.39,35.25,35.25,522.40292
2020-03-16 04:53,1584305580,35.28,35.29,35.2,35.22,366.55518
2020-03-16 04:54,1584305640,35.22,35.22,35.11,35.14,1135.77444
2020-03-16 04:55,1584305700,35.14,35.21,35.07,35.12,1936.65438
2020-03-16 04:56,1584305760,35.11,35.16,35.07,35.12,365.00918
2020-03-16 04:57,1584305820,35.12,35.19,35.12,35.19,670.83109
2020-03-16 04:58,1584305880,35.19,35.22,35.14,35.17,675.0234
2020-03-16 04:59,1584305940,35.16,35.19,35.15,35.17,234.60929
2020-03-16 05:00,1584306000,35.17,35.44,35.14,35.41,916.49952
2020-03-16 05:01,1584306060,35.43,35.5,35.33,35.38,1351.40756
2020-03-16 05:02,1584306120,35.4,35.46,35.38,35.42,404.69619
2020-03-16 05:03,1584306180,35.43,35.56,35.43,35.55,379.79447
2020-03-16 05:04,1584306240,35.53,35.54,35.49,35.52,370.11147
2020-03-16 05:05,1584306300,35.52,35.72,35.51,35.69,654.57104
2020-03-16 05:06,1584306360,35.69,36.01,35.64,35.91,2807.61232
2020-03-16 05:07,1584306420,35.92,35.98,35.79,35.88,2515.69902
2020-03-16 05:08,1584306480,35.87,36.06,35.83,35.97,1193.26353
2020-03-16 05:09,1584306540,35.99,36.05,35.96,36.01,502.87951
2020-03-16 05:10,1584306600,36.03,36.19,36.03,36.15,1578.23931
2020-03-16 05:11,1584306660,36.15,36.32,36.13,36.19,2307.90979
2020-03-16 05:12,1584306720,36.19,36.28,36.19,36.27,828.63223
2020-03-16 05:13,1584306780,36.26,36.3,36.09,36.13,1607.95467
2020-03-16 05:14,1584306840,36.13,36.32,36.12,36.3,1075.72742
2020-03-16 05:15,1584306900,36.32,36.32,36.04,36.08,1125.8933
2020-03-16 05:16,1584306960,36.07,36.21,36.06,36.21,653.19324
2020-03-16 05:17,1584307020,36.22,36.22,36.08,36.09,292.49467
2020-03-16 05:18,1584307080,36.09,36.23,36.08,36.21,2273.29007
2020-03-16 05:19,1584307140,36.21,36.39,36.2,36.39,1066.15572
2020-03-16 05:20,1584307200,36.39,36.61,36.39,36.61,1523.26738
2020-03-16 05:21,1584307260,36.61,36.93,36.59,36.84,1470.94849
2020-03-16 05:22,1584307320,36.87,36.94,36.82,36.91,1322.26445
2020-03-16 05:23,1584307380,36.9,36.94,36.59,36.59,2069.9328
2020-03-16 05:24,1584307440,36.6,36.6,36.21,36.53,2038.27074
2020-03-16 05:25,1584307500,36.54,36.64,36.44,36.64,739.18421
2020-03-16 05:26,1584307560,36.64,36.81,36.56,36.57,1337.52928
2020-03-16 05:27,1584307620,36.59,36.74,36.59,36.59,1061.60163
2020-03-16 05:28,1584307680,36.6,36.63,36.43,36.46,1733.56517
2020-03-16 05:29,1584307740,36.46,36.62,36.44,36.62,993.49104
2020-03-16 05:30,1584307800,36.62,36.63,36.56,36.56,216.93323
2020-03-16 05:31,1584307860,36.55,36.55,36.43,36.44,557.12723
2020-03-16 05:32,1584307920,36.44,36.49,36.43,36.48,466.7775
2020-03-16 05:33,1584307980,36.47,36.51,36.45,36.48,464.22007
2020-03-16 05:34,1584308040,36.48,36.58,36.46,36.52,867.51381
2020-03-16 05:35,1584308100,36.51,36.51,36.39,36.47,731.58917
2020-03-16 05:36,1584308160,36.49,36.52,36.44,36.45,359.66357
2020-03-16 05:37,1584308220,36.45,36.56,36.44,36.55,446.01534
2020-03-16 05:38,1584308280,36.56,36.73,36.56,36.67,693.60981
2020-03-16 05:39,1584308340,36.67,36.92,36.66,36.85,817.79527
2020-03-16 05:40,1584308400,36.85,37.0,36.83,36.99,1305.35242
2020-03-16 05:41,1584308460,37.0,37.0,36.74,36.85,1774.64047
2020-03-16 05:42,1584308520,36.85,36.91,36.82,36.91,311.61373
2020-03-16 05:43,1584308580,36.91,37.24,36.81,36.99,4952.44642
2020-03-16 05:44,1584308640,37.0,37.25,36.87,37.1,3798.27547
2020-03-16 05:45,1584308700,37.1,37.23,36.93,37.14,3057.27579
2020-03-16 05:46,1584308760,37.16,37.23,37.0,37.2,3385.58148
2020-03-16 05:47,1584308820,37.16,37.29,37.12,37.15,2524.58307
2020-03-16 05:48,1584308880,37.16,37.31,37.07,37.11,2032.85892
2020-03-16 05:49,1584308940,37.1,37.26,37.03,37.18,1262.22422
2020-03-16 05:50,1584309000,37.17,37.26,37.07,37.18,868.64398
2020-03-16 05:51,1584309060,37.17,37.23,37.14,37.2,464.4677
2020-03-16 05:52,1584309120,37.21,37.4,37.19,37.4,1220.59334
2020-03-16 05:53,1584309180,37.41,37.5,37.22,37.43,2915.81588
2020-03-16 05:54,1584309240,37.48,37.61,37.39,37.52,2442.84382
2020-03-16 05:55,1584309300,37.53,37.8,37.48,37.71,1347.61978
2020-03-16 05:56,1584309360,37.73,37.94,37.64,37.94,3315.73165
2020-03-16 05:57,1584309420,37.94,38.3,37.88,38.11,5082.06235
2020-03-16 05:58,1584309480,38.14,38.72,38.11,38.72,2604.79536
2020-03-16 05:59,1584309540,38.69,38.73,38.11,38.55,5966.44784
2020-03-16 06:00,1584309600,38.54,38.61,37.76,37.85,4371.14262
2020-03-16 06:01,1584309660,37.88,38.15,37.41,38.08,4649.33802
2020-03-16 06:02,1584309720,38.14,38.14,37.8,37.92,3894.74037
2020-03-16 06:03,1584309780,37.92,37.94,37.51,37.51,2827.94541
2020-03-16 06:04,1584309840,37.53,37.89,37.47,37.72,2879.15175
2020-03-16 06:05,1584309900,37.74,37.83,37.54,37.82,1664.70531
2020-03-16 06:06,1584309960,37.83,37.93,37.63,37.63,2304.15317
2020-03-16 06:07,1584310020,37.65,37.67,37.24,37.5,2507.73351
2020-03-16 06:08,1584310080,37.52,37.69,37.46,37.56,2470.2172
2020-03-16 06:09,1584310140,37.53,37.78,37.48,37.71,1015.85154
2020-03-16 06:10,1584310200,37.74,37.8,37.61,37.66,1560.8121
2020-03-16 06:11,1584310260,37.71,37.71,37.42,37.52,1447.68424
2020-03-16 06:12,1584310320,37.52,37.63,37.38,37.41,911.39242
2020-03-16 06:13,1584310380,37.43,37.56,37.43,37.54,881.68568
2020-03-16 06:14,1584310440,37.57,37.57,37.05,37.12,2375.16775
2020-03-16 06:15,1584310500,37.12,37.13,36.6,36.92,6749.17873
2020-03-16 06:16,1584310560,36.93,37.14,36.79,36.97,3200.23406
2020-03-16 06:17,1584310620,36.94,37.05,36.65,36.87,2350.97861
2020-03-16 06:18,1584310680,36.86,36.91,36.61,36.82,3022.25062
2020-03-16 06:19,1584310740,36.77,36.98,36.57,36.7,5819.58254
2020-03-16 06:20,1584310800,36.71,36.87,36.57,36.76,3383.34256
2020-03-16 06:21,1584310860,36.74,36.78,36.62,36.74,1240.91366
2020-03-16 06:22,1584310920,36.73,36.82,36.66,36.76,924.55197
2020-03-16 06:23,1584310980,36.75,36.83,36.62,36.75,2040.23453
2020-03-16 06:24,1584311040,36.77,36.77,36.57,36.64,3286.01273
2020-03-16 06:25,1584311100,36.64,36.65,35.95,36.03,3490.36404
2020-03-16 06:26,1584311160,36.04,36.4,35.97,36.15,4112.36678
2020-03-16 06:27,1584311220,36.16,36.48,36.08,36.21,3429.16575
2020-03-16 06:28,1584311280,36.21,36.45,36.15,36.4,2907.05603
2020-03-16 06:29,1584311340,36.42,36.59,36.31,36.59,2387.32534
2020-03-16 06:30,1584311400,36.56,36.58,36.35,36.51,4673.64021
2020-03-16 06:31,1584311460,36.48,36.52,36.29,36.31,1455.9665
2020-03-16 06:32,1584311520,36.36,36.5,36.36,36.44,1415.80432
2020-03-16 06:33,1584311580,36.47,36.47,36.34,36.35,890.73689
2020-03-16 06:34,1584311640,36.36,36.43,36.24,36.32,835.19023
2020-03-16 06:35,1584311700,36.31,36.31,36.01,36.04,1619.62186
2020-03-16 06:36,1584311760,36.07,36.29,36.07,36.21,980.8506
2020-03-16 06:37,1584311820,36.23,36.53,36.2,36.4,1951.82906
2020-03-16 06:38,1584311880,36.44,36.47,36.33,36.36,1835.3095
2020-03-16 06:39,1584311940,36.34,36.38,36.26,36.31,1384.9477
2020-03-16 06:40,1584312000,36.29,36.63,36.29,36.54,2027.81225
2020-03-16 06:41,1584312060,36.54,36.6,36.37,36.5,1638.61179
2020-03-16 06:42,1584312120,36.49,36.51,36.39,36.41,753.86611
2020-03-16 06:43,1584312180,36.39,36.44,36.31,36.38,1704.92959
2020-03-16 06:44,1584312240,36.34,36.44,36.33,36.44,667.02863
2020-03-16 06:45,1584312300,36.44,36.44,36.26,36.31,1795.57285
2020-03-16 06:46,1584312360,36.31,36.37,36.25,36.26,552.04228
2020-03-16 06:47,1584312420,36.26,36.28,36.11,36.11,857.00165
2020-03-16 06:48,1584312480,36.11,36.29,36.07,36.18,3221.23675
2020-03-16 06:49,1584312540,36.18,36.23,36.08,36.12,688.49729
2020-03-16 06:50,1584312600,36.14,36.14,35.98,36.03,2892.9972
2020-03-16 06:51,1584312660,36.01,36.12,35.97,36.12,1708.87166
2020-03-16 06:52,1584312720,36.1,36.22,36.05,36.14,416.86564
2020-03-16 06:53,1584312780,36.16,36.34,36.12,36.3,204.88039
2020-03-16 06:54,1584312840,36.29,36.5,36.19,36.36,6010.35039
2020-03-16 06:55,1584312900,36.36,36.41,36.24,36.3,1473.25471
2020-03-16 06:56,1584312960,36.29,36.35,36.21,36.31,526.51388
2020-03-16 06:57,1584313020,36.32,36.38,36.21,36.25,621.67219
2020-03-16 06:58,1584313080,36.27,36.42,36.27,36.34,918.66896
2020-03-16 06:59,1584313140,36.32,36.34,36.25,36.28,799.96645
2020-03-16 07:00,1584313200,36.26,36.26,36.08,36.14,918.5123
2020-03-16 07:01,1584313260,36.13,36.15,36.01,36.15,1517.31544
2020-03-16 07:02,1584313320,36.14,36.31,36.13,36.26,1918.75069
2020-03-16 07:03,1584313380,36.23,36.29,36.22,36.25,147.12967
2020-03-16 07:04,1584313440,36.26,36.26,36.08,36.19,3219.00163
2020-03-16 07:05,1584313500,36.17,36.31,36.15,36.27,888.22873
2020-03-16 07:06,1584313560,36.28,36.41,36.28,36.33,947.03702
2020-03-16 07:07,1584313620,36.38,36.38,36.26,36.3,757.49434
2020-03-16 07:08,1584313680,36.3,36.32,36.23,36.27,175.89356
2020-03-16 07:09,1584313740,36.26,36.41,36.26,36.41,1186.2413
2020-03-16 07:10,1584313800,36.44,36.47,36.38,36.39,1016.42775
2020-03-16 07:11,1584313860,36.4,36.57,36.4,36.53,1642.85278
2020-03-16 07:12,1584313920,36.54,36.63,36.46,36.59,1385.45983
2020-03-16 07:13,1584313980,36.58,36.82,36.55,36.74,3850.1178
2020-03-16 07:14,1584314040,36.74,36.78,36.61,36.64,1661.67757
2020-03-16 07:15,1584314100,36.63,36.63,36.53,36.62,541.2349
2020-03-16 07:16,1584314160,36.63,36.74,36.57,36.69,1202.29881
2020-03-16 07:17,1584314220,36.68,36.68,36.57,36.57,1361.64289
2020-03-16 07:18,1584314280,36.67,36.67,36.4,36.43,4814.57824
2020-03-16 07:19,1584314340,36.42,36.49,36.39,36.47,2735.70125
2020-03-16 07:20,1584314400,36.46,36.51,36.4,36.4,199.50583
2020-03-16 07:21,1584314460,36.38,36.4,36.3,36.37,592.38191
2020-03-16 07:22,1584314520,36.36,36.39,36.3,36.32,582.8443
2020-03-16 07:23,1584314580,36.34,36.45,36.31,36.37,360.31241
2020-03-16 07:24,1584314640,36.39,36.42,36.35,36.41,297.57957
2020-03-16 07:25,1584314700,36.4,36.41,36.34,36.36,361.0642
2020-03-16 07:26,1584314760,36.35,36.41,36.35,36.41,261.51179
2020-03-16 07:27,1584314820,36.4,36.49,36.37,36.42,870.52246
2020-03-16 07:28,1584314880,36.42,36.59,36.42,36.51,621.5671
2020-03-16 07:29,1584314940,36.52,36.57,36.51,36.51,400.54925
2020-03-16 07:30,1584315000,36.51,36.55,36.45,36.45,322.71192
2020-03-16 07:31,1584315060,36.46,36.48,36.33,36.37,608.26542
2020-03-16 07:32,1584315120,36.35,36.36,36.27,36.31,404.26266
2020-03-16 07:33,1584315180,36.29,36.34,36.24,36.34,500.00288
2020-03-16 07:34,1584315240,36.34,36.4,36.3,36.31,484.95269
2020-03-16 07:35,1584315300,36.31,36.39,36.27,36.37,465.89719
2020-03-16 07:36,1584315360,36.36,36.42,36.32,36.39,843.94269
2020-03-16 07:37,1584315420,36.42,36.45,36.38,36.42,411.75115
2020-03-16 07:38,1584315480,36.42,36.44,36.35,36.37,251.08742
2020-03-16 07:39,1584315540,36.37,36.4,36.35,36.36,202.08804
2020-03-16 07:40,1584315600,36.34,36.39,36.29,36.39,2306.89035
2020-03-16 07:41,1584315660,36.38,36.43,36.31,36.43,342.44587
2020-03-16 07:42,1584315720,36.43,36.56,36.43,36.48,1074.20141
2020-03-16 07:43,1584315780,36.48,36.58,36.47,36.52,939.12344
2020-03-16 07:44,1584315840,36.52,36.58,36.5,36.51,542.25249
2020-03-16 07:45,1584315900,36.5,36.51,36.39,36.45,768.41668
2020-03-16 07:46,1584315960,36.45,36.53,36.42,36.53,409.0172
2020-03-16 07:47,1584316020,36.57,36.57,36.43,36.47,535.14996
2020-03-16 07:48,1584316080,36.49,36.49,36.41,36.43,540.32833
2020-03-16 07:49,1584316140,36.48,36.5,36.47,36.49,249.45508
2020-03-16 07:50,1584316200,36.47,36.53,36.4,36.41,1265.83446
2020-03-16 07:51,1584316260,36.41,36.44,36.38,36.38,199.70687
2020-03-16 07:52,1584316320,36.38,36.45,36.37,36.43,274.80094
2020-03-16 07:53,1584316380,36.42,36.46,36.39,36.42,520.46038
2020-03-16 07:54,1584316440,36.4,36.42,36.26,36.29,1107.17442
2020-03-16 07:55,1584316500,36.28,36.3,36.22,36.28,497.85727
2020-03-16 07:56,1584316560,36.29,36.34,36.26,36.34,644.47988
2020-03-16 07:57,1584316620,36.34,36.47,36.34,36.46,572.91712
2020-03-16 07:58,1584316680,36.44,36.44,36.37,36.37,1326.52425
2020-03-16 07:59,1584316740,36.38,36.42,36.36,36.38,350.36166
2020-03-16 08:00,1584316800,36.37,36.41,36.34,36.39,630.26675
2020-03-16 08:01,1584316860,36.37,36.39,36.15,36.15,789.33864
2020-03-16 08:02,1584316920,36.14,36.2,35.77,35.87,6113.46776
2020-03-16 08:03,1584316980,35.88,35.9,35.69,35.87,3912.08564
2020-03-16 08:04,1584317040,35.87,35.94,35.7,35.77,1643.58502
2020-03-16 08:05,1584317100,35.78,35.8,35.64,35.68,2094.04856
2020-03-16 08:06,1584317160,35.68,35.71,35.15,35.23,7394.2025
2020-03-16 08:07,1584317220,35.22,35.52,35.12,35.52,4168.3689
2020-03-16 08:08,1584317280,35.51,35.55,35.24,35.33,1959.16682
2020-03-16 08:09,1584317340,35.33,35.55,35.3,35.34,2356.14162
2020-03-16 08:10,1584317400,35.34,35.49,35.34,35.48,937.1937
2020-03-16 08:11,1584317460,35.48,35.76,35.47,35.63,1402.15342
2020-03-16 08:12,1584317520,35.62,35.71,35.52,35.54,2386.23079
2020-03-16 08:13,1584317580,35.54,35.68,35.52,35.57,983.6597
2020-03-16 08:14,1584317640,35.56,35.59,35.38,35.39,857.97622
2020-03-16 08:15,1584317700,35.4,35.56,35.23,35.52,3521.22224
2020-03-16 08:16,1584317760,35.53,35.69,35.46,35.67,853.61844
2020-03-16 08:17,1584317820,35.66,35.66,35.59,35.61,185.86861
