date,timechuo,open,high,low,close,vol
2018-08-13 20:02,1534161720,5.1103,5.1103,5.1091,5.1098,4192.01
2018-08-13 20:03,1534161780,5.1108,5.1125,5.1101,5.1116,4596.11
2018-08-13 20:04,1534161840,5.1116,5.1153,5.1105,5.1153,1814.73
2018-08-13 20:05,1534161900,5.1144,5.1195,5.111,5.1151,5817.06
2018-08-13 20:06,1534161960,5.1152,5.1184,5.1144,5.1184,12097.59
2018-08-13 20:07,1534162020,5.1185,5.1185,5.1166,5.1166,3560.46
2018-08-13 20:08,1534162080,5.1168,5.1197,5.115,5.1153,4552.55
2018-08-13 20:09,1534162140,5.1191,5.1201,5.118,5.1201,9435.38
2018-08-13 20:10,1534162200,5.1201,5.1202,5.12,5.1201,7459.94
2018-08-13 20:11,1534162260,5.1201,5.1217,5.1175,5.1215,1776.01
2018-08-13 20:12,1534162320,5.1217,5.1291,5.1209,5.1288,19502.24
2018-08-13 20:13,1534162380,5.1288,5.1349,5.1288,5.1326,15757.7
2018-08-13 20:14,1534162440,5.1331,5.1405,5.1325,5.1405,15455.83
2018-08-13 20:15,1534162500,5.1405,5.1412,5.1405,5.1405,13573.27
2018-08-13 20:16,1534162560,5.1405,5.146,5.1405,5.1451,10825.75
2018-08-13 20:17,1534162620,5.1455,5.1501,5.1408,5.15,25593.46
2018-08-13 20:18,1534162680,5.15,5.15,5.1376,5.1458,6057.1
2018-08-13 20:19,1534162740,5.1456,5.1463,5.1453,5.1463,274.12
2018-08-13 20:20,1534162800,5.1464,5.1554,5.1464,5.1487,8930.73
2018-08-13 20:21,1534162860,5.1499,5.17,5.1458,5.1461,18337.05
2018-08-13 20:22,1534162920,5.1432,5.1457,5.141,5.1457,1556.0
2018-08-13 20:23,1534162980,5.141,5.1451,5.14,5.1451,5837.16
2018-08-13 20:24,1534163040,5.1473,5.15,5.1427,5.1452,10697.6
2018-08-13 20:25,1534163100,5.1468,5.1485,5.1428,5.1465,10250.11
2018-08-13 20:26,1534163160,5.1485,5.1502,5.1462,5.1502,11917.77
2018-08-13 20:27,1534163220,5.1504,5.1529,5.149,5.1509,12916.0
2018-08-13 20:28,1534163280,5.1526,5.1527,5.1504,5.1523,8602.12
2018-08-13 20:29,1534163340,5.1523,5.1535,5.1504,5.1504,7011.45
2018-08-13 20:30,1534163400,5.1505,5.1539,5.1504,5.1508,9162.36
2018-08-13 20:31,1534163460,5.1516,5.1537,5.1504,5.1535,14221.37
2018-08-13 20:32,1534163520,5.1511,5.1539,5.1504,5.1539,6789.45
2018-08-13 20:33,1534163580,5.1539,5.1539,5.1504,5.1504,11081.16
2018-08-13 20:34,1534163640,5.1504,5.1504,5.146,5.1499,10443.24
2018-08-13 20:35,1534163700,5.1462,5.149,5.1412,5.1412,8517.91
2018-08-13 20:36,1534163760,5.1412,5.1431,5.1391,5.1391,11604.31
2018-08-13 20:37,1534163820,5.136,5.1398,5.1306,5.1334,7566.11
2018-08-13 20:38,1534163880,5.1336,5.1365,5.1272,5.1328,7199.65
2018-08-13 20:39,1534163940,5.1303,5.1337,5.1303,5.132,5895.44
2018-08-13 20:40,1534164000,5.132,5.1357,5.132,5.1353,8139.75
2018-08-13 20:41,1534164060,5.1333,5.1354,5.132,5.1321,10895.11
2018-08-13 20:42,1534164120,5.1329,5.1337,5.1306,5.1306,8648.03
2018-08-13 20:43,1534164180,5.1303,5.1397,5.1268,5.1395,12899.1
2018-08-13 20:44,1534164240,5.1376,5.1376,5.1314,5.1317,10629.92
2018-08-13 20:45,1534164300,5.1328,5.1394,5.1318,5.1394,8049.18
2018-08-13 20:46,1534164360,5.1373,5.1425,5.135,5.1425,14801.08
2018-08-13 20:47,1534164420,5.1443,5.1509,5.1409,5.141,12238.12
2018-08-13 20:48,1534164480,5.141,5.1423,5.1394,5.1396,8722.52
2018-08-13 20:49,1534164540,5.1417,5.1421,5.1393,5.1402,10363.75
2018-08-13 20:50,1534164600,5.1413,5.1441,5.1402,5.1441,12845.94
2018-08-13 20:51,1534164660,5.1422,5.1441,5.1402,5.1403,3610.82
2018-08-13 20:52,1534164720,5.1409,5.1436,5.1404,5.143,7434.13
2018-08-13 20:53,1534164780,5.143,5.1431,5.141,5.1414,2723.78
2018-08-13 20:54,1534164840,5.1416,5.1426,5.1394,5.1417,3469.08
2018-08-13 20:55,1534164900,5.1426,5.1426,5.1408,5.1425,5009.06
2018-08-13 20:56,1534164960,5.14,5.1415,5.1376,5.1406,14968.09
2018-08-13 20:57,1534165020,5.1413,5.1434,5.1406,5.1412,10326.05
2018-08-13 20:58,1534165080,5.1407,5.1418,5.1358,5.1358,12466.78
2018-08-13 20:59,1534165140,5.1378,5.1398,5.1353,5.1376,9090.92
2018-08-13 21:00,1534165200,5.1395,5.1403,5.1362,5.1366,11617.8
2018-08-13 21:01,1534165260,5.1368,5.1368,5.1299,5.1329,5149.27
2018-08-13 21:02,1534165320,5.1338,5.1368,5.1192,5.1224,12537.85
2018-08-13 21:03,1534165380,5.1312,5.1358,5.1223,5.1332,12343.65
2018-08-13 21:04,1534165440,5.1294,5.1294,5.1135,5.1162,12095.52
2018-08-13 21:05,1534165500,5.1148,5.1148,5.0815,5.0927,28688.36
2018-08-13 21:06,1534165560,5.0873,5.0964,5.0823,5.0945,15257.52
2018-08-13 21:07,1534165620,5.0965,5.1037,5.0904,5.0965,14442.88
2018-08-13 21:08,1534165680,5.0969,5.1,5.0899,5.0934,5046.28
2018-08-13 21:09,1534165740,5.0934,5.096,5.09,5.0928,4790.26
2018-08-13 21:10,1534165800,5.0907,5.0967,5.086,5.0879,9808.92
2018-08-13 21:11,1534165860,5.0879,5.0974,5.0879,5.0925,6864.23
2018-08-13 21:12,1534165920,5.0949,5.0949,5.0645,5.0675,16670.72
2018-08-13 21:13,1534165980,5.0681,5.0789,5.0648,5.0788,8319.22
2018-08-13 21:14,1534166040,5.0742,5.084,5.0717,5.0821,17144.55
2018-08-13 21:15,1534166100,5.0821,5.0915,5.082,5.0846,8130.65
2018-08-13 21:16,1534166160,5.0845,5.0912,5.0822,5.0835,12879.56
2018-08-13 21:17,1534166220,5.0835,5.088,5.0835,5.0879,5206.52
2018-08-13 21:18,1534166280,5.0862,5.0891,5.0841,5.0891,5292.39
2018-08-13 21:19,1534166340,5.09,5.0933,5.0878,5.0933,2971.67
2018-08-13 21:20,1534166400,5.0934,5.096,5.0919,5.095,8934.98
2018-08-13 21:21,1534166460,5.0959,5.098,5.095,5.098,6714.56
2018-08-13 21:22,1534166520,5.0966,5.0985,5.0951,5.0951,10221.16
2018-08-13 21:23,1534166580,5.0951,5.1047,5.0951,5.0969,10964.79
2018-08-13 21:24,1534166640,5.097,5.1007,5.0958,5.0988,10370.69
2018-08-13 21:25,1534166700,5.0977,5.0994,5.0962,5.0994,14030.2
2018-08-13 21:26,1534166760,5.0978,5.0994,5.0951,5.0951,7062.48
2018-08-13 21:27,1534166820,5.095,5.0956,5.0845,5.0928,10053.34
2018-08-13 21:28,1534166880,5.089,5.0955,5.0836,5.0955,7485.68
2018-08-13 21:29,1534166940,5.0914,5.095,5.0893,5.0928,10516.01
2018-08-13 21:30,1534167000,5.0906,5.0928,5.0769,5.0813,16618.31
2018-08-13 21:31,1534167060,5.0786,5.0824,5.0748,5.0798,1216.98
2018-08-13 21:32,1534167120,5.0826,5.0826,5.0755,5.0755,3649.75
2018-08-13 21:33,1534167180,5.074,5.0851,5.0566,5.0634,18277.67
2018-08-13 21:34,1534167240,5.0658,5.0846,5.05,5.068,20460.69
2018-08-13 21:35,1534167300,5.0666,5.0803,5.066,5.07,11248.84
2018-08-13 21:36,1534167360,5.068,5.078,5.0578,5.0759,22696.03
2018-08-13 21:37,1534167420,5.0766,5.0783,5.0739,5.0757,8210.76
2018-08-13 21:38,1534167480,5.0783,5.08,5.0768,5.0774,7067.31
2018-08-13 21:39,1534167540,5.0789,5.0802,5.0761,5.0792,4661.57
2018-08-13 21:40,1534167600,5.0776,5.0824,5.0776,5.08,6119.68
2018-08-13 21:41,1534167660,5.0804,5.0821,5.0771,5.0771,13125.77
2018-08-13 21:42,1534167720,5.0789,5.079,5.0771,5.0776,6838.52
2018-08-13 21:43,1534167780,5.0776,5.0801,5.0776,5.0781,15601.84
2018-08-13 21:44,1534167840,5.079,5.0805,5.0779,5.0798,10592.18
2018-08-13 21:45,1534167900,5.0805,5.0805,5.0798,5.0801,16688.35
2018-08-13 21:46,1534167960,5.0805,5.0823,5.0708,5.0723,14146.9
2018-08-13 21:47,1534168020,5.0718,5.0762,5.0718,5.0731,11318.66
2018-08-13 21:48,1534168080,5.0752,5.0754,5.0732,5.0735,11217.01
2018-08-13 21:49,1534168140,5.0762,5.0762,5.0733,5.0733,11133.34
2018-08-13 21:50,1534168200,5.0756,5.079,5.0739,5.0781,12042.4
2018-08-13 21:51,1534168260,5.078,5.0792,5.0753,5.0784,10801.49
2018-08-13 21:52,1534168320,5.079,5.0809,5.0772,5.0809,12507.41
2018-08-13 21:53,1534168380,5.0809,5.0852,5.0808,5.0852,1449.64
2018-08-13 21:54,1534168440,5.0823,5.0858,5.0817,5.0858,5376.93
2018-08-13 21:55,1534168500,5.086,5.0876,5.086,5.0876,1171.63
2018-08-13 21:56,1534168560,5.0879,5.0914,5.0877,5.0877,10333.16
2018-08-13 21:57,1534168620,5.0876,5.0913,5.0834,5.0836,4282.47
2018-08-13 21:58,1534168680,5.082,5.0914,5.082,5.0862,4679.15
2018-08-13 21:59,1534168740,5.089,5.0903,5.0861,5.0868,4632.24
2018-08-13 22:00,1534168800,5.0885,5.0935,5.086,5.0935,13104.65
2018-08-13 22:01,1534168860,5.0934,5.0977,5.091,5.0975,15078.28
2018-08-13 22:02,1534168920,5.093,5.0962,5.0893,5.0915,7914.34
2018-08-13 22:03,1534168980,5.0892,5.0915,5.0881,5.0898,8223.18
2018-08-13 22:04,1534169040,5.0913,5.0916,5.0842,5.0842,5427.32
2018-08-13 22:05,1534169100,5.0851,5.0857,5.0835,5.0857,8273.47
2018-08-13 22:06,1534169160,5.0885,5.0899,5.0858,5.0859,5946.57
2018-08-13 22:07,1534169220,5.0859,5.0896,5.0824,5.0824,5014.97
2018-08-13 22:08,1534169280,5.0851,5.0854,5.0826,5.0846,8295.37
2018-08-13 22:09,1534169340,5.0845,5.086,5.07,5.086,8728.44
2018-08-13 22:10,1534169400,5.0849,5.0849,5.0797,5.0818,5595.83
2018-08-13 22:11,1534169460,5.0799,5.0818,5.0714,5.0747,10723.02
2018-08-13 22:12,1534169520,5.0739,5.0766,5.0722,5.0766,10126.12
2018-08-13 22:13,1534169580,5.0759,5.0805,5.0753,5.0805,6078.1
2018-08-13 22:14,1534169640,5.0763,5.0792,5.0755,5.0768,4287.29
2018-08-13 22:15,1534169700,5.0751,5.0773,5.0729,5.0735,8045.69
2018-08-13 22:16,1534169760,5.0724,5.0754,5.072,5.0737,11023.24
2018-08-13 22:17,1534169820,5.0735,5.0756,5.0735,5.0755,4040.07
2018-08-13 22:18,1534169880,5.074,5.0758,5.0714,5.0755,10324.2
2018-08-13 22:19,1534169940,5.0737,5.0755,5.0714,5.0755,6084.21
2018-08-13 22:20,1534170000,5.0754,5.0759,5.0714,5.0715,6909.8
2018-08-13 22:21,1534170060,5.0749,5.0749,5.0722,5.073,9510.01
2018-08-13 22:22,1534170120,5.0729,5.0764,5.0721,5.0729,9063.1
2018-08-13 22:23,1534170180,5.0745,5.0745,5.0723,5.0724,8673.23
2018-08-13 22:24,1534170240,5.0729,5.0729,5.0683,5.0702,10222.43
2018-08-13 22:25,1534170300,5.0697,5.0747,5.0629,5.0631,12044.21
2018-08-13 22:26,1534170360,5.0614,5.0666,5.0614,5.0659,10128.39
2018-08-13 22:27,1534170420,5.0632,5.0657,5.0533,5.0556,10773.53
2018-08-13 22:28,1534170480,5.0549,5.055,5.053,5.0537,18394.62
2018-08-13 22:29,1534170540,5.0538,5.0593,5.0501,5.0551,4627.12
2018-08-13 22:30,1534170600,5.057,5.06,5.0503,5.0504,10164.7
2018-08-13 22:31,1534170660,5.0543,5.06,5.0503,5.0564,8675.49
2018-08-13 22:32,1534170720,5.0582,5.0631,5.0582,5.06,11003.74
2018-08-13 22:33,1534170780,5.0604,5.0649,5.0584,5.0649,10887.3
2018-08-13 22:34,1534170840,5.065,5.0651,5.0602,5.0602,6783.61
2018-08-13 22:35,1534170900,5.0602,5.0626,5.0542,5.0596,9940.25
2018-08-13 22:36,1534170960,5.0584,5.0597,5.0545,5.0545,11838.86
2018-08-13 22:37,1534171020,5.0544,5.0544,5.0148,5.0299,25620.54
2018-08-13 22:38,1534171080,5.0329,5.0359,5.0246,5.0291,3846.66
2018-08-13 22:39,1534171140,5.0306,5.0356,5.0277,5.0338,6853.66
2018-08-13 22:40,1534171200,5.0318,5.0378,5.0318,5.0363,5962.09
2018-08-13 22:41,1534171260,5.0402,5.0417,5.0305,5.0305,8248.27
2018-08-13 22:42,1534171320,5.0298,5.0374,5.0292,5.0335,5153.1
2018-08-13 22:43,1534171380,5.0335,5.0358,5.0328,5.0337,8066.58
2018-08-13 22:44,1534171440,5.0363,5.0378,5.034,5.035,5290.75
2018-08-13 22:45,1534171500,5.0343,5.0366,5.027,5.0346,8700.91
2018-08-13 22:46,1534171560,5.0353,5.0401,5.03,5.0401,10280.8
2018-08-13 22:47,1534171620,5.0373,5.0463,5.0367,5.0408,13035.5
2018-08-13 22:48,1534171680,5.0442,5.0444,5.0376,5.0376,9253.91
2018-08-13 22:49,1534171740,5.0373,5.039,5.0346,5.0347,3966.13
2018-08-13 22:50,1534171800,5.0347,5.0376,5.0242,5.0303,9901.11
2018-08-13 22:51,1534171860,5.0302,5.0422,5.028,5.0352,9054.81
2018-08-13 22:52,1534171920,5.0343,5.0442,5.0343,5.0435,3411.04
2018-08-13 22:53,1534171980,5.0436,5.0449,5.0421,5.0421,7493.01
2018-08-13 22:54,1534172040,5.0441,5.051,5.0441,5.0488,7440.23
2018-08-13 22:55,1534172100,5.0542,5.0577,5.0515,5.0542,8321.27
2018-08-13 22:56,1534172160,5.0507,5.0581,5.048,5.0496,7672.05
2018-08-13 22:57,1534172220,5.0518,5.0538,5.048,5.0523,15185.16
2018-08-13 22:58,1534172280,5.0504,5.0523,5.048,5.0513,14001.89
2018-08-13 22:59,1534172340,5.0514,5.0514,5.0417,5.0429,1263.61
2018-08-13 23:00,1534172400,5.0388,5.0388,5.0211,5.0384,8821.3
2018-08-13 23:01,1534172460,5.0335,5.0438,5.0302,5.0429,5827.79
2018-08-13 23:02,1534172520,5.0409,5.0425,5.0355,5.0355,6826.41
2018-08-13 23:03,1534172580,5.0394,5.0395,5.0354,5.0361,11039.2
2018-08-13 23:04,1534172640,5.0366,5.0376,5.033,5.0368,3311.06
2018-08-13 23:05,1534172700,5.0331,5.0367,5.03,5.0366,14896.2
2018-08-13 23:06,1534172760,5.0365,5.0431,5.036,5.0374,11278.13
2018-08-13 23:07,1534172820,5.0388,5.041,5.0364,5.0368,9985.34
2018-08-13 23:08,1534172880,5.0368,5.0381,5.0313,5.0347,4763.16
2018-08-13 23:09,1534172940,5.0348,5.036,5.0306,5.0306,3854.19
2018-08-13 23:10,1534173000,5.0305,5.0321,5.0267,5.0321,7276.6
2018-08-13 23:11,1534173060,5.0314,5.0323,5.0293,5.0304,2742.55
2018-08-13 23:12,1534173120,5.031,5.0375,5.0297,5.0353,11919.86
2018-08-13 23:13,1534173180,5.0393,5.043,5.0344,5.0362,8088.27
2018-08-13 23:14,1534173240,5.0334,5.0376,5.032,5.0364,5351.68
2018-08-13 23:15,1534173300,5.035,5.0357,5.0245,5.0305,12314.5
2018-08-13 23:16,1534173360,5.034,5.034,5.0169,5.0179,11230.92
2018-08-13 23:17,1534173420,5.0199,5.0237,5.0147,5.0185,8731.09
2018-08-13 23:18,1534173480,5.021,5.0216,5.0188,5.0214,4179.17
2018-08-13 23:19,1534173540,5.0215,5.0224,5.0197,5.0224,5247.87
2018-08-13 23:20,1534173600,5.0214,5.0279,5.01,5.0101,11571.01
2018-08-13 23:21,1534173660,5.0102,5.0214,5.0023,5.0084,11167.77
2018-08-13 23:22,1534173720,5.0078,5.02,5.004,5.0105,8022.11
2018-08-13 23:23,1534173780,5.0164,5.0168,5.0066,5.0066,3174.24
2018-08-13 23:24,1534173840,5.0087,5.0119,5.0043,5.0044,10343.77
2018-08-13 23:25,1534173900,5.0061,5.0089,5.0001,5.0089,17122.37
2018-08-13 23:26,1534173960,5.009,5.0156,5.0019,5.0065,3495.65
2018-08-13 23:27,1534174020,5.0064,5.007,5.0,5.0063,9643.8
2018-08-13 23:28,1534174080,5.0063,5.0231,5.006,5.0204,9797.69
2018-08-13 23:29,1534174140,5.0202,5.0202,5.0131,5.0154,8630.7
2018-08-13 23:30,1534174200,5.0131,5.0173,5.0104,5.0106,8721.25
2018-08-13 23:31,1534174260,5.0105,5.0106,5.0023,5.0099,7608.21
2018-08-13 23:32,1534174320,5.007,5.01,4.9983,5.01,12370.02
2018-08-13 23:33,1534174380,5.005,5.0117,5.0027,5.0108,5488.43
2018-08-13 23:34,1534174440,5.0104,5.0104,5.0054,5.0054,4961.29
2018-08-13 23:35,1534174500,5.0044,5.011,5.0039,5.0109,14516.52
2018-08-13 23:36,1534174560,5.0098,5.0109,5.008,5.0099,13543.73
2018-08-13 23:37,1534174620,5.01,5.01,5.0069,5.0069,11329.48
2018-08-13 23:38,1534174680,5.007,5.0099,5.0,5.0031,6887.74
2018-08-13 23:39,1534174740,5.0023,5.0059,5.0002,5.0002,7449.49
2018-08-13 23:40,1534174800,5.0002,5.0024,4.9897,4.994,12040.59
2018-08-13 23:41,1534174860,4.9941,4.9948,4.9905,4.9905,6685.6
2018-08-13 23:42,1534174920,4.9922,4.9922,4.9764,4.9809,11537.87
2018-08-13 23:43,1534174980,4.9761,4.9806,4.9627,4.9674,12557.84
2018-08-13 23:44,1534175040,4.964,4.9664,4.9361,4.945,37590.77
2018-08-13 23:45,1534175100,4.942,4.9479,4.929,4.9302,23242.44
2018-08-13 23:46,1534175160,4.934,4.9453,4.92,4.9403,22803.86
2018-08-13 23:47,1534175220,4.9421,4.9421,4.9287,4.9403,8740.33
2018-08-13 23:48,1534175280,4.9403,4.9453,4.9335,4.9453,17115.7
2018-08-13 23:49,1534175340,4.9499,4.965,4.9499,4.965,4717.99
2018-08-13 23:50,1534175400,4.9674,4.975,4.9452,4.9483,9550.94
2018-08-13 23:51,1534175460,4.95,4.9503,4.9301,4.9301,17889.51
2018-08-13 23:52,1534175520,4.9301,4.9324,4.9101,4.9123,8569.99
2018-08-13 23:53,1534175580,4.9127,4.9145,4.8765,4.904,49088.17
2018-08-13 23:54,1534175640,4.904,4.9331,4.9,4.9146,10259.73
2018-08-13 23:55,1534175700,4.9149,4.9383,4.911,4.93,9322.31
2018-08-13 23:56,1534175760,4.9299,4.9417,4.9273,4.936,12484.41
2018-08-13 23:57,1534175820,4.9357,4.9357,4.9248,4.928,7700.2
2018-08-13 23:58,1534175880,4.9268,4.9389,4.9239,4.9348,15417.94
2018-08-13 23:59,1534175940,4.9355,4.94,4.9343,4.94,4498.46
2018-08-14 00:00,1534176000,4.9378,4.9402,4.9138,4.9261,19235.96
2018-08-14 00:01,1534176060,4.9282,4.9357,4.9248,4.9332,8777.13
2018-08-14 00:02,1534176120,4.9331,4.9449,4.9282,4.938,11685.73
2018-08-14 00:03,1534176180,4.9413,4.9452,4.937,4.943,12011.31
2018-08-14 00:04,1534176240,4.937,4.9573,4.937,4.9514,12945.02
2018-08-14 00:05,1534176300,4.9496,4.9552,4.9448,4.9479,9988.6
2018-08-14 00:06,1534176360,4.948,4.9588,4.948,4.953,3602.46
2018-08-14 00:07,1534176420,4.9532,4.955,4.9403,4.9478,8610.3
2018-08-14 00:08,1534176480,4.9451,4.95,4.9451,4.95,11969.38
2018-08-14 00:09,1534176540,4.9499,4.9548,4.938,4.9548,14425.54
2018-08-14 00:10,1534176600,4.9536,4.9559,4.9516,4.9516,6170.86
2018-08-14 00:11,1534176660,4.9527,4.9664,4.9527,4.9639,7961.1
2018-08-14 00:12,1534176720,4.964,4.9895,4.964,4.9772,8177.1
2018-08-14 00:13,1534176780,4.9773,4.9779,4.9696,4.9718,7525.27
2018-08-14 00:14,1534176840,4.9719,4.9771,4.9719,4.9771,7006.33
2018-08-14 00:15,1534176900,4.9776,4.9877,4.9776,4.9861,9155.91
2018-08-14 00:16,1534176960,4.9866,4.9879,4.9835,4.9849,3359.24
2018-08-14 00:17,1534177020,4.9862,4.9866,4.9751,4.9787,6766.31
2018-08-14 00:18,1534177080,4.9778,4.9856,4.9736,4.9833,5603.65
2018-08-14 00:19,1534177140,4.9826,4.9838,4.98,4.9813,5533.88
2018-08-14 00:20,1534177200,4.9813,4.9814,4.9753,4.9773,7044.4
2018-08-14 00:21,1534177260,4.978,4.9817,4.9739,4.976,6846.04
2018-08-14 00:22,1534177320,4.98,4.9801,4.974,4.9783,9631.06
2018-08-14 00:23,1534177380,4.9764,4.9931,4.9764,4.9816,10925.36
2018-08-14 00:24,1534177440,4.9816,4.9858,4.9816,4.984,3634.22
2018-08-14 00:25,1534177500,4.9826,4.9831,4.9694,4.9694,7487.93
2018-08-14 00:26,1534177560,4.9703,4.98,4.9682,4.9701,3764.32
2018-08-14 00:27,1534177620,4.9671,4.971,4.9671,4.9709,2715.28
2018-08-14 00:28,1534177680,4.9707,4.9747,4.9672,4.9672,5484.9
2018-08-14 00:29,1534177740,4.9672,4.9692,4.9624,4.9627,8626.86
2018-08-14 00:30,1534177800,4.9639,4.9667,4.9579,4.9616,6649.49
2018-08-14 00:31,1534177860,4.9586,4.9673,4.9579,4.9615,6498.54
2018-08-14 00:32,1534177920,4.9622,4.9631,4.9474,4.9567,15462.35
2018-08-14 00:33,1534177980,4.9569,4.96,4.952,4.9568,5568.5
2018-08-14 00:34,1534178040,4.9566,4.9593,4.952,4.9521,10464.96
2018-08-14 00:35,1534178100,4.9556,4.9559,4.9485,4.9485,5273.02
2018-08-14 00:36,1534178160,4.9485,4.9539,4.941,4.9427,5147.13
2018-08-14 00:37,1534178220,4.9431,4.9453,4.9375,4.9383,10310.21
2018-08-14 00:38,1534178280,4.9394,4.9411,4.9375,4.9375,13261.73
2018-08-14 00:39,1534178340,4.9377,4.9377,4.93,4.9302,8875.51
2018-08-14 00:40,1534178400,4.9302,4.9308,4.91,4.9256,9483.99
2018-08-14 00:41,1534178460,4.9229,4.9256,4.91,4.9195,10711.86
2018-08-14 00:42,1534178520,4.9154,4.9178,4.911,4.9111,7968.11
2018-08-14 00:43,1534178580,4.9111,4.9122,4.9001,4.9001,18031.27
2018-08-14 00:44,1534178640,4.9001,4.9005,4.8865,4.8865,12032.14
2018-08-14 00:45,1534178700,4.8868,4.927,4.8825,4.914,84427.99
2018-08-14 00:46,1534178760,4.914,4.9216,4.91,4.9134,9744.58
2018-08-14 00:47,1534178820,4.9134,4.9135,4.8965,4.9016,9738.82
2018-08-14 00:48,1534178880,4.9002,4.9019,4.8921,4.8923,2012.87
2018-08-14 00:49,1534178940,4.8922,4.9023,4.8912,4.8959,13765.9
2018-08-14 00:50,1534179000,4.9016,4.9072,4.895,4.904,12016.42
2018-08-14 00:51,1534179060,4.9065,4.9066,4.898,4.9,433.05
2018-08-14 00:52,1534179120,4.9002,4.9016,4.8904,4.8919,5243.46
2018-08-14 00:53,1534179180,4.8958,4.8958,4.8919,4.8926,8339.92
2018-08-14 00:54,1534179240,4.8934,4.9,4.8919,4.8998,13533.42
2018-08-14 00:55,1534179300,4.9,4.9028,4.8957,4.9001,15284.5
2018-08-14 00:56,1534179360,4.8981,4.8992,4.8961,4.8978,8496.7
2018-08-14 00:57,1534179420,4.8978,4.8999,4.8955,4.8955,14536.12
2018-08-14 00:58,1534179480,4.8956,4.8964,4.8891,4.8922,8571.9
2018-08-14 00:59,1534179540,4.8903,4.8955,4.8893,4.892,4959.72
2018-08-14 01:00,1534179600,4.8891,4.8914,4.883,4.8866,11257.38
2018-08-14 01:01,1534179660,4.8832,4.886,4.8724,4.8786,16221.5
2018-08-14 01:02,1534179720,4.8791,4.8828,4.8594,4.8753,17420.43
2018-08-14 01:03,1534179780,4.8751,4.8764,4.856,4.859,13607.3
2018-08-14 01:04,1534179840,4.8591,4.8685,4.8589,4.8619,7660.67
2018-08-14 01:05,1534179900,4.8598,4.8648,4.8388,4.842,20071.3
2018-08-14 01:06,1534179960,4.8401,4.8401,4.82,4.826,20387.86
2018-08-14 01:07,1534180020,4.8284,4.8284,4.7778,4.7899,64294.66
2018-08-14 01:08,1534180080,4.7899,4.7952,4.7779,4.7873,13467.26
2018-08-14 01:09,1534180140,4.7903,4.7907,4.77,4.7701,16180.45
2018-08-14 01:10,1534180200,4.7742,4.779,4.7399,4.7572,20146.08
2018-08-14 01:11,1534180260,4.7582,4.7606,4.712,4.72,34050.74
2018-08-14 01:12,1534180320,4.72,4.745,4.7022,4.7196,17013.2
2018-08-14 01:13,1534180380,4.7178,4.7425,4.7042,4.7302,31207.85
2018-08-14 01:14,1534180440,4.7302,4.7363,4.7174,4.7344,10971.77
2018-08-14 01:15,1534180500,4.7311,4.7366,4.7174,4.7239,13009.55
2018-08-14 01:16,1534180560,4.7252,4.7345,4.6953,4.7088,73974.56
2018-08-14 01:17,1534180620,4.7087,4.7182,4.6596,4.6664,27766.69
2018-08-14 01:18,1534180680,4.672,4.6758,4.64,4.6422,21541.04
2018-08-14 01:19,1534180740,4.64,4.657,4.6329,4.6352,23850.15
2018-08-14 01:20,1534180800,4.6321,4.662,4.6226,4.6226,20236.11
2018-08-14 01:21,1534180860,4.6226,4.6322,4.6,4.63,45049.12
2018-08-14 01:22,1534180920,4.6274,4.6867,4.6154,4.6691,36196.34
2018-08-14 01:23,1534180980,4.6691,4.724,4.669,4.6792,11566.87
2018-08-14 01:24,1534181040,4.6758,4.6941,4.6632,4.6907,12918.65
2018-08-14 01:25,1534181100,4.6934,4.7082,4.6833,4.687,17631.76
2018-08-14 01:26,1534181160,4.6858,4.7,4.6721,4.6721,14024.32
2018-08-14 01:27,1534181220,4.6723,4.6831,4.6667,4.6775,8789.67
2018-08-14 01:28,1534181280,4.6717,4.69,4.6703,4.6869,14312.39
2018-08-14 01:29,1534181340,4.6888,4.7079,4.6817,4.707,13318.18
2018-08-14 01:30,1534181400,4.7084,4.712,4.6827,4.6858,12064.61
2018-08-14 01:31,1534181460,4.685,4.6873,4.6621,4.6622,23637.56
2018-08-14 01:32,1534181520,4.6623,4.6767,4.6583,4.6703,12325.79
2018-08-14 01:33,1534181580,4.6697,4.6735,4.6647,4.665,4159.55
2018-08-14 01:34,1534181640,4.665,4.682,4.6627,4.6754,10931.54
2018-08-14 01:35,1534181700,4.679,4.6828,4.6692,4.6806,14091.71
2018-08-14 01:36,1534181760,4.6728,4.6845,4.6418,4.6545,24603.35
2018-08-14 01:37,1534181820,4.6574,4.6647,4.6333,4.6333,8623.04
2018-08-14 01:38,1534181880,4.6368,4.6477,4.63,4.6353,11490.05
2018-08-14 01:39,1534181940,4.6337,4.6417,4.6171,4.6363,9547.84
2018-08-14 01:40,1534182000,4.6393,4.661,4.6363,4.6538,7604.97
2018-08-14 01:41,1534182060,4.6485,4.6678,4.6481,4.6656,2980.97
2018-08-14 01:42,1534182120,4.6611,4.6669,4.6517,4.6626,4399.45
2018-08-14 01:43,1534182180,4.6612,4.6663,4.65,4.6582,10498.21
2018-08-14 01:44,1534182240,4.6582,4.6735,4.6564,4.6713,8858.71
2018-08-14 01:45,1534182300,4.6736,4.6768,4.6512,4.6745,10326.45
2018-08-14 01:46,1534182360,4.6749,4.7005,4.6747,4.6925,10987.98
2018-08-14 01:47,1534182420,4.6925,4.7184,4.69,4.7091,12847.75
2018-08-14 01:48,1534182480,4.711,4.7163,4.6881,4.7049,11906.07
2018-08-14 01:49,1534182540,4.7011,4.7067,4.6958,4.7067,8618.01
2018-08-14 01:50,1534182600,4.7067,4.722,4.702,4.7162,11777.82
2018-08-14 01:51,1534182660,4.7162,4.7269,4.69,4.6923,14903.45
2018-08-14 01:52,1534182720,4.6926,4.7,4.6794,4.6976,9370.73
2018-08-14 01:53,1534182780,4.7,4.7106,4.7,4.7024,9633.64
2018-08-14 01:54,1534182840,4.7023,4.7023,4.6904,4.7,9833.93
2018-08-14 01:55,1534182900,4.7,4.7,4.6829,4.6919,10157.56
2018-08-14 01:56,1534182960,4.6919,4.6919,4.6748,4.6836,13671.03
2018-08-14 01:57,1534183020,4.6799,4.6863,4.6776,4.6797,15617.89
2018-08-14 01:58,1534183080,4.6808,4.6893,4.6808,4.6893,12582.07
2018-08-14 01:59,1534183140,4.6887,4.689,4.6832,4.6873,11883.37
2018-08-14 02:00,1534183200,4.6847,4.6862,4.676,4.676,5165.07
2018-08-14 02:01,1534183260,4.676,4.679,4.6754,4.679,13550.39
2018-08-14 02:02,1534183320,4.6799,4.68,4.6708,4.6708,7377.22
2018-08-14 02:03,1534183380,4.6708,4.6759,4.6613,4.6683,9639.67
2018-08-14 02:04,1534183440,4.6682,4.6682,4.652,4.6578,16379.06
2018-08-14 02:05,1534183500,4.6597,4.66,4.6404,4.6496,20224.21
2018-08-14 02:06,1534183560,4.6494,4.6494,4.633,4.6431,15129.45
2018-08-14 02:07,1534183620,4.6439,4.65,4.6399,4.6499,8893.13
2018-08-14 02:08,1534183680,4.65,4.65,4.6302,4.6483,7298.26
2018-08-14 02:09,1534183740,4.6459,4.65,4.6124,4.6189,42155.79
2018-08-14 02:10,1534183800,4.6169,4.62,4.61,4.61,13651.57
2018-08-14 02:11,1534183860,4.61,4.62,4.61,4.6158,8092.55
2018-08-14 02:12,1534183920,4.6191,4.62,4.5922,4.6001,38146.71
2018-08-14 02:13,1534183980,4.5998,4.6095,4.596,4.6038,12796.48
2018-08-14 02:14,1534184040,4.606,4.6192,4.6039,4.6192,8044.26
2018-08-14 02:15,1534184100,4.6167,4.6381,4.6149,4.6316,13413.99
2018-08-14 02:16,1534184160,4.6302,4.6319,4.6231,4.6254,10380.29
2018-08-14 02:17,1534184220,4.6253,4.6377,4.6241,4.6377,13411.15
2018-08-14 02:18,1534184280,4.6319,4.645,4.6301,4.645,10886.32
2018-08-14 02:19,1534184340,4.645,4.6488,4.6354,4.6411,9446.4
2018-08-14 02:20,1534184400,4.641,4.65,4.6391,4.6391,3965.16
2018-08-14 02:21,1534184460,4.6392,4.6392,4.6321,4.6355,6252.35
2018-08-14 02:22,1534184520,4.6343,4.6355,4.6318,4.6354,11117.8
2018-08-14 02:23,1534184580,4.6344,4.6354,4.6333,4.6344,12798.77
2018-08-14 02:24,1534184640,4.6319,4.6399,4.6294,4.6294,7449.62
2018-08-14 02:25,1534184700,4.6332,4.6399,4.6306,4.6363,7203.71
2018-08-14 02:26,1534184760,4.639,4.646,4.6321,4.6378,7911.34
2018-08-14 02:27,1534184820,4.6413,4.6484,4.635,4.6415,7155.09
2018-08-14 02:28,1534184880,4.6405,4.6452,4.6404,4.6416,4889.23
2018-08-14 02:29,1534184940,4.6417,4.6421,4.6383,4.642,6172.52
2018-08-14 02:30,1534185000,4.6399,4.6522,4.6399,4.6511,6980.9
2018-08-14 02:31,1534185060,4.65,4.6536,4.649,4.6536,16001.15
2018-08-14 02:32,1534185120,4.652,4.6545,4.6507,4.6524,10834.59
2018-08-14 02:33,1534185180,4.652,4.6644,4.6515,4.6609,7084.99
2018-08-14 02:34,1534185240,4.6649,4.6713,4.6631,4.667,5908.85
2018-08-14 02:35,1534185300,4.6671,4.6717,4.6671,4.669,4522.44
2018-08-14 02:36,1534185360,4.6699,4.6706,4.6665,4.669,5822.1
2018-08-14 02:37,1534185420,4.6713,4.6736,4.6679,4.6685,2499.61
2018-08-14 02:38,1534185480,4.6707,4.6746,4.6707,4.6712,5474.71
2018-08-14 02:39,1534185540,4.6738,4.6825,4.6713,4.6782,5411.75
2018-08-14 02:40,1534185600,4.6772,4.686,4.6772,4.679,5436.02
2018-08-14 02:41,1534185660,4.6773,4.6807,4.6736,4.6787,6847.92
2018-08-14 02:42,1534185720,4.6784,4.6851,4.6752,4.6798,2901.85
2018-08-14 02:43,1534185780,4.6809,4.6855,4.6804,4.6844,12974.69
2018-08-14 02:44,1534185840,4.6844,4.6885,4.6822,4.6841,12928.48
2018-08-14 02:45,1534185900,4.6834,4.6859,4.6792,4.6793,1730.18
2018-08-14 02:46,1534185960,4.6786,4.6849,4.6755,4.6789,12507.58
2018-08-14 02:47,1534186020,4.6791,4.69,4.6633,4.6633,14780.74
2018-08-14 02:48,1534186080,4.6625,4.6651,4.6534,4.6534,9813.93
2018-08-14 02:49,1534186140,4.6518,4.6532,4.6411,4.6437,3623.19
2018-08-14 02:50,1534186200,4.6436,4.65,4.6368,4.641,10653.69
2018-08-14 02:51,1534186260,4.641,4.6472,4.6368,4.6468,8952.25
2018-08-14 02:52,1534186320,4.6464,4.6539,4.6451,4.6491,4183.82
2018-08-14 02:53,1534186380,4.6493,4.6595,4.6493,4.6559,1224.09
2018-08-14 02:54,1534186440,4.6559,4.6566,4.6496,4.6499,6119.2
2018-08-14 02:55,1534186500,4.6518,4.6524,4.6482,4.6482,6527.58
2018-08-14 02:56,1534186560,4.6482,4.6515,4.6475,4.6515,6580.82
2018-08-14 02:57,1534186620,4.6491,4.6564,4.6491,4.6553,5764.39
2018-08-14 02:58,1534186680,4.6552,4.66,4.6549,4.6559,8764.47
2018-08-14 02:59,1534186740,4.6599,4.6668,4.6599,4.6667,3522.1
2018-08-14 03:00,1534186800,4.6669,4.6677,4.6654,4.6657,6731.53
2018-08-14 03:01,1534186860,4.6661,4.6716,4.6642,4.6715,4050.51
2018-08-14 03:02,1534186920,4.6715,4.6715,4.6635,4.6639,7387.35
2018-08-14 03:03,1534186980,4.6639,4.6679,4.6595,4.6632,9294.09
2018-08-14 03:04,1534187040,4.6632,4.6672,4.6616,4.6672,6186.91
2018-08-14 03:05,1534187100,4.6629,4.6629,4.6551,4.6568,6683.72
2018-08-14 03:06,1534187160,4.6572,4.6572,4.6427,4.6451,5603.82
2018-08-14 03:07,1534187220,4.6466,4.648,4.6449,4.6453,11336.48
2018-08-14 03:08,1534187280,4.6457,4.6462,4.6375,4.6375,3935.02
2018-08-14 03:09,1534187340,4.6414,4.6441,4.636,4.6362,6599.59
2018-08-14 03:10,1534187400,4.6362,4.6362,4.6301,4.6301,10298.26
2018-08-14 03:11,1534187460,4.6297,4.6352,4.6201,4.6329,8292.05
2018-08-14 03:12,1534187520,4.6325,4.6332,4.6215,4.6257,10503.79
2018-08-14 03:13,1534187580,4.6269,4.6301,4.61,4.63,10360.7
2018-08-14 03:14,1534187640,4.6272,4.6274,4.6171,4.6215,4687.36
2018-08-14 03:15,1534187700,4.6214,4.6238,4.6195,4.6201,6459.21
2018-08-14 03:16,1534187760,4.6179,4.62,4.6114,4.6189,2602.06
2018-08-14 03:17,1534187820,4.6145,4.6181,4.6083,4.61,13633.07
2018-08-14 03:18,1534187880,4.6143,4.6199,4.61,4.61,8651.64
2018-08-14 03:19,1534187940,4.6084,4.6098,4.6071,4.608,10648.98
2018-08-14 03:20,1534188000,4.6064,4.609,4.5971,4.5971,11826.07
2018-08-14 03:21,1534188060,4.5984,4.599,4.57,4.578,28006.8
2018-08-14 03:22,1534188120,4.5828,4.583,4.5701,4.5749,14385.58
2018-08-14 03:23,1534188180,4.5789,4.5856,4.5723,4.5853,7552.1
2018-08-14 03:24,1534188240,4.5877,4.588,4.5768,4.5857,8234.07
2018-08-14 03:25,1534188300,4.586,4.593,4.5853,4.593,9436.5
2018-08-14 03:26,1534188360,4.5931,4.6081,4.5931,4.6081,8777.52
2018-08-14 03:27,1534188420,4.6084,4.6084,4.6024,4.6063,5017.43
2018-08-14 03:28,1534188480,4.6046,4.6159,4.6034,4.6159,17454.56
2018-08-14 03:29,1534188540,4.616,4.6199,4.6159,4.6198,15278.86
2018-08-14 03:30,1534188600,4.6198,4.629,4.619,4.629,10788.26
2018-08-14 03:31,1534188660,4.6292,4.6567,4.6286,4.6564,11572.18
2018-08-14 03:32,1534188720,4.6564,4.6636,4.6442,4.6446,12222.5
2018-08-14 03:33,1534188780,4.6445,4.65,4.6431,4.6459,3919.73
2018-08-14 03:34,1534188840,4.6461,4.6473,4.639,4.6403,8577.5
2018-08-14 03:35,1534188900,4.6403,4.6403,4.635,4.6392,5455.41
2018-08-14 03:36,1534188960,4.6356,4.6374,4.6295,4.6317,5429.85
2018-08-14 03:37,1534189020,4.6298,4.6334,4.6203,4.631,12959.27
2018-08-14 03:38,1534189080,4.6326,4.6326,4.6279,4.6286,7587.33
2018-08-14 03:39,1534189140,4.6301,4.6325,4.629,4.6325,5407.38
2018-08-14 03:40,1534189200,4.6328,4.637,4.6328,4.6342,5670.11
2018-08-14 03:41,1534189260,4.6342,4.6401,4.6336,4.6401,3719.23
2018-08-14 03:42,1534189320,4.6387,4.644,4.6324,4.6324,10187.68
2018-08-14 03:43,1534189380,4.6343,4.6445,4.6191,4.6344,6676.69
2018-08-14 03:44,1534189440,4.6323,4.6369,4.6266,4.6266,7099.34
2018-08-14 03:45,1534189500,4.631,4.6363,4.629,4.6321,6089.04
2018-08-14 03:46,1534189560,4.6315,4.6376,4.6305,4.6342,9357.18
2018-08-14 03:47,1534189620,4.6339,4.6339,4.6283,4.6319,7726.06
2018-08-14 03:48,1534189680,4.6319,4.6319,4.6267,4.6278,4161.92
2018-08-14 03:49,1534189740,4.6257,4.6297,4.6257,4.6283,5888.22
2018-08-14 03:50,1534189800,4.6264,4.6278,4.6212,4.6238,8606.07
2018-08-14 03:51,1534189860,4.6217,4.6234,4.6138,4.6138,8997.16
2018-08-14 03:52,1534189920,4.616,4.616,4.6126,4.6131,4849.61
2018-08-14 03:53,1534189980,4.6134,4.615,4.6115,4.6148,7170.72
2018-08-14 03:54,1534190040,4.6148,4.6176,4.6148,4.6156,6321.9
2018-08-14 03:55,1534190100,4.6176,4.6258,4.615,4.6185,9254.39
2018-08-14 03:56,1534190160,4.6169,4.6196,4.6162,4.6169,11829.26
2018-08-14 03:57,1534190220,4.6219,4.6239,4.6152,4.6197,3101.46
2018-08-14 03:58,1534190280,4.6158,4.6199,4.6158,4.6198,3821.15
2018-08-14 03:59,1534190340,4.6176,4.6197,4.6176,4.6197,8418.55
2018-08-14 04:00,1534190400,4.6192,4.6193,4.6111,4.6129,3035.36
2018-08-14 04:01,1534190460,4.6144,4.6144,4.6038,4.604,20605.23
2018-08-14 04:02,1534190520,4.605,4.6087,4.6021,4.6073,12888.99
2018-08-14 04:03,1534190580,4.6054,4.6076,4.6018,4.6048,6607.41
2018-08-14 04:04,1534190640,4.6006,4.6073,4.5972,4.6073,6938.74
2018-08-14 04:05,1534190700,4.6067,4.6067,4.6015,4.6017,5144.04
2018-08-14 04:06,1534190760,4.6016,4.6049,4.6,4.6022,13532.93
2018-08-14 04:07,1534190820,4.6024,4.62,4.6023,4.62,9135.46
2018-08-14 04:08,1534190880,4.62,4.6281,4.6161,4.6258,8209.14
2018-08-14 04:09,1534190940,4.6271,4.636,4.6259,4.6346,3872.38
2018-08-14 04:10,1534191000,4.6353,4.638,4.6269,4.6279,9272.87
2018-08-14 04:11,1534191060,4.631,4.64,4.631,4.6346,5266.65
2018-08-14 04:12,1534191120,4.6354,4.6357,4.6256,4.6274,4496.21
2018-08-14 04:13,1534191180,4.627,4.6337,4.627,4.6282,7671.74
2018-08-14 04:14,1534191240,4.6295,4.6457,4.6282,4.6457,17486.46
2018-08-14 04:15,1534191300,4.6402,4.67,4.6387,4.6501,19639.6
2018-08-14 04:16,1534191360,4.6518,4.6524,4.6384,4.6384,5904.96
2018-08-14 04:17,1534191420,4.6386,4.6492,4.6386,4.6492,2916.24
2018-08-14 04:18,1534191480,4.651,4.662,4.6429,4.6466,10908.23
2018-08-14 04:19,1534191540,4.6516,4.6676,4.6516,4.658,3995.85
2018-08-14 04:20,1534191600,4.6535,4.6606,4.6499,4.6555,3945.37
2018-08-14 04:21,1534191660,4.6555,4.6555,4.648,4.648,8439.83
2018-08-14 04:22,1534191720,4.6455,4.6528,4.6439,4.6452,4207.29
2018-08-14 04:23,1534191780,4.6419,4.65,4.6417,4.65,3039.14
2018-08-14 04:24,1534191840,4.6495,4.6495,4.6427,4.6432,5980.42
2018-08-14 04:25,1534191900,4.6426,4.6437,4.6361,4.6413,6409.39
2018-08-14 04:26,1534191960,4.6412,4.6444,4.6375,4.6433,4226.16
2018-08-14 04:27,1534192020,4.642,4.6463,4.6379,4.6379,6475.09
2018-08-14 04:28,1534192080,4.6377,4.6443,4.6377,4.6409,13776.31
2018-08-14 04:29,1534192140,4.6398,4.6421,4.6379,4.638,7521.64
2018-08-14 04:30,1534192200,4.6389,4.6389,4.6229,4.6232,73581.8
2018-08-14 04:31,1534192260,4.6233,4.6247,4.6205,4.6205,9387.75
2018-08-14 04:32,1534192320,4.62,4.6248,4.6178,4.6248,7954.33
2018-08-14 04:33,1534192380,4.6256,4.6273,4.6178,4.6178,9757.93
2018-08-14 04:34,1534192440,4.6177,4.6204,4.6109,4.6133,9416.36
2018-08-14 04:35,1534192500,4.6154,4.6164,4.6123,4.6143,3271.81
2018-08-14 04:36,1534192560,4.6165,4.6299,4.6163,4.6299,7888.52
2018-08-14 04:37,1534192620,4.6304,4.6347,4.6216,4.6284,6694.3
2018-08-14 04:38,1534192680,4.6284,4.6325,4.622,4.627,4988.62
2018-08-14 04:39,1534192740,4.6304,4.636,4.6284,4.636,2722.85
2018-08-14 04:40,1534192800,4.6342,4.6481,4.6325,4.64,8540.25
2018-08-14 04:41,1534192860,4.6423,4.6462,4.64,4.6455,9601.03
2018-08-14 04:42,1534192920,4.6461,4.6462,4.6382,4.6382,10666.28
2018-08-14 04:43,1534192980,4.638,4.6382,4.6329,4.6329,4498.74
2018-08-14 04:44,1534193040,4.6328,4.636,4.6318,4.633,6900.87
2018-08-14 04:45,1534193100,4.6319,4.6329,4.6291,4.6305,11639.73
2018-08-14 04:46,1534193160,4.6312,4.6315,4.616,4.63,18601.38
2018-08-14 04:47,1534193220,4.6277,4.6364,4.6251,4.6364,5015.69
2018-08-14 04:48,1534193280,4.6363,4.6428,4.6318,4.6359,6270.54
2018-08-14 04:49,1534193340,4.6373,4.6375,4.629,4.629,2731.2
2018-08-14 04:50,1534193400,4.6291,4.6292,4.6145,4.6224,3318.36
2018-08-14 04:51,1534193460,4.6224,4.624,4.6188,4.6205,6367.43
2018-08-14 04:52,1534193520,4.6196,4.6227,4.6158,4.6177,4781.99
2018-08-14 04:53,1534193580,4.6139,4.6224,4.6137,4.6224,6000.79
2018-08-14 04:54,1534193640,4.6188,4.6191,4.6167,4.6176,1104.12
2018-08-14 04:55,1534193700,4.618,4.6189,4.6022,4.612,6981.89
2018-08-14 04:56,1534193760,4.6137,4.6149,4.6091,4.6091,5966.81
2018-08-14 04:57,1534193820,4.607,4.6127,4.6,4.6107,4691.68
2018-08-14 04:58,1534193880,4.6079,4.6161,4.6077,4.615,4796.26
2018-08-14 04:59,1534193940,4.611,4.6147,4.611,4.614,2752.51
2018-08-14 05:00,1534194000,4.6121,4.6148,4.611,4.6113,9646.6
2018-08-14 05:01,1534194060,4.6135,4.616,4.6107,4.6128,9506.08
2018-08-14 05:02,1534194120,4.6131,4.6131,4.6028,4.607,2789.75
2018-08-14 05:03,1534194180,4.6043,4.607,4.6012,4.6049,10424.32
2018-08-14 05:04,1534194240,4.6059,4.6102,4.6031,4.6095,2562.91
2018-08-14 05:05,1534194300,4.6059,4.6095,4.6046,4.6095,7193.18
2018-08-14 05:06,1534194360,4.6072,4.609,4.6053,4.6058,5884.01
2018-08-14 05:07,1534194420,4.6056,4.6056,4.603,4.6032,4777.09
2018-08-14 05:08,1534194480,4.6008,4.6031,4.6,4.6031,11401.22
2018-08-14 05:09,1534194540,4.6017,4.6031,4.6014,4.6027,20536.74
2018-08-14 05:10,1534194600,4.6016,4.6027,4.5902,4.5934,11089.0
2018-08-14 05:11,1534194660,4.5955,4.5999,4.5955,4.5959,21231.97
2018-08-14 05:12,1534194720,4.596,4.596,4.5937,4.5953,18796.1
2018-08-14 05:13,1534194780,4.5978,4.5998,4.5958,4.5979,10726.01
2018-08-14 05:14,1534194840,4.598,4.603,4.597,4.6,5223.45
2018-08-14 05:15,1534194900,4.6008,4.6101,4.6008,4.6101,2243.01
2018-08-14 05:16,1534194960,4.6088,4.6121,4.6088,4.6088,7889.91
2018-08-14 05:17,1534195020,4.606,4.6147,4.6059,4.6147,1285.76
2018-08-14 05:18,1534195080,4.6129,4.6147,4.6076,4.6133,9952.85
2018-08-14 05:19,1534195140,4.6095,4.6095,4.604,4.604,3470.57
2018-08-14 05:20,1534195200,4.6047,4.6069,4.604,4.6044,10231.25
2018-08-14 05:21,1534195260,4.6057,4.608,4.6043,4.605,10755.52
2018-08-14 05:22,1534195320,4.606,4.606,4.6041,4.6042,10278.99
2018-08-14 05:23,1534195380,4.6041,4.6051,4.6003,4.605,10378.36
2018-08-14 05:24,1534195440,4.6049,4.605,4.5933,4.6031,13515.13
2018-08-14 05:25,1534195500,4.597,4.6049,4.5969,4.6049,4444.54
2018-08-14 05:26,1534195560,4.603,4.6054,4.6011,4.6054,6895.32
2018-08-14 05:27,1534195620,4.6096,4.6096,4.6054,4.6054,4859.83
2018-08-14 05:28,1534195680,4.6091,4.6141,4.6068,4.6068,4260.4
2018-08-14 05:29,1534195740,4.6109,4.6112,4.6086,4.6089,1486.6
2018-08-14 05:30,1534195800,4.6088,4.6113,4.6083,4.6109,5444.76
2018-08-14 05:31,1534195860,4.6078,4.6109,4.6078,4.6108,8173.61
2018-08-14 05:32,1534195920,4.6106,4.6141,4.6106,4.6118,6702.05
2018-08-14 05:33,1534195980,4.6128,4.6141,4.6104,4.6118,8083.0
2018-08-14 05:34,1534196040,4.611,4.6118,4.6109,4.6109,968.32
2018-08-14 05:35,1534196100,4.6109,4.6134,4.61,4.6134,9756.55
2018-08-14 05:36,1534196160,4.6134,4.6138,4.6112,4.612,3042.55
2018-08-14 05:37,1534196220,4.6128,4.614,4.6112,4.6113,8052.44
2018-08-14 05:38,1534196280,4.6126,4.6143,4.6112,4.6117,11559.07
2018-08-14 05:39,1534196340,4.6142,4.6142,4.6117,4.6117,9167.86
2018-08-14 05:40,1534196400,4.613,4.6147,4.6117,4.6147,13545.63
2018-08-14 05:41,1534196460,4.6138,4.6138,4.6118,4.6118,14128.37
2018-08-14 05:42,1534196520,4.6138,4.6158,4.6118,4.6158,2802.8
2018-08-14 05:43,1534196580,4.6153,4.6159,4.6129,4.6129,5399.98
2018-08-14 05:44,1534196640,4.6133,4.6159,4.6133,4.6137,5552.57
2018-08-14 05:45,1534196700,4.6144,4.6159,4.6139,4.6141,6006.49
2018-08-14 05:46,1534196760,4.6147,4.6155,4.6113,4.6114,8774.49
2018-08-14 05:47,1534196820,4.6119,4.6125,4.608,4.608,2035.67
2018-08-14 05:48,1534196880,4.6094,4.616,4.6094,4.6103,5506.18
2018-08-14 05:49,1534196940,4.61,4.6123,4.6085,4.6122,3525.6
2018-08-14 05:50,1534197000,4.6089,4.6089,4.6008,4.6008,8599.12
2018-08-14 05:51,1534197060,4.6037,4.6071,4.6021,4.6071,7496.76
2018-08-14 05:52,1534197120,4.6071,4.6071,4.5935,4.6051,5647.14
2018-08-14 05:53,1534197180,4.6051,4.6051,4.59,4.5923,2976.65
2018-08-14 05:54,1534197240,4.5923,4.5923,4.5679,4.5798,20724.68
2018-08-14 05:55,1534197300,4.5797,4.5798,4.5613,4.5699,17807.58
2018-08-14 05:56,1534197360,4.5699,4.5733,4.5532,4.5733,15257.06
2018-08-14 05:57,1534197420,4.5736,4.5737,4.5596,4.5706,11044.47
2018-08-14 05:58,1534197480,4.5706,4.575,4.5706,4.572,1601.06
2018-08-14 05:59,1534197540,4.5717,4.58,4.5664,4.5729,5360.71
2018-08-14 06:00,1534197600,4.5753,4.58,4.5711,4.574,9664.8
2018-08-14 06:01,1534197660,4.5775,4.5853,4.5746,4.584,13837.75
2018-08-14 06:02,1534197720,4.5784,4.582,4.5693,4.5772,14486.2
2018-08-14 06:03,1534197780,4.5723,4.578,4.5706,4.5733,9016.37
2018-08-14 06:04,1534197840,4.5718,4.58,4.571,4.58,5852.8
2018-08-14 06:05,1534197900,4.5767,4.5778,4.5713,4.5763,4982.26
2018-08-14 06:06,1534197960,4.5758,4.5773,4.5638,4.5638,12754.63
2018-08-14 06:07,1534198020,4.5677,4.572,4.5642,4.5711,8852.35
2018-08-14 06:08,1534198080,4.5668,4.572,4.5634,4.5654,4065.26
2018-08-14 06:09,1534198140,4.5654,4.5656,4.5498,4.5591,21763.0
2018-08-14 06:10,1534198200,4.5538,4.5594,4.5439,4.55,11314.01
2018-08-14 06:11,1534198260,4.55,4.55,4.5331,4.5362,58416.53
2018-08-14 06:12,1534198320,4.536,4.536,4.51,4.5176,35419.21
2018-08-14 06:13,1534198380,4.5176,4.5209,4.51,4.5159,10615.72
2018-08-14 06:14,1534198440,4.516,4.5164,4.505,4.5099,13918.95
2018-08-14 06:15,1534198500,4.5098,4.5145,4.5,4.5035,33562.37
2018-08-14 06:16,1534198560,4.5073,4.5079,4.4959,4.5,14083.93
2018-08-14 06:17,1534198620,4.4963,4.499,4.4842,4.4904,13537.51
2018-08-14 06:18,1534198680,4.49,4.4904,4.4723,4.48,16236.21
2018-08-14 06:19,1534198740,4.4798,4.501,4.4768,4.4991,6730.97
2018-08-14 06:20,1534198800,4.5006,4.5043,4.4834,4.4969,7925.04
2018-08-14 06:21,1534198860,4.4953,4.4969,4.4834,4.4834,10608.53
2018-08-14 06:22,1534198920,4.4909,4.4926,4.4845,4.4886,6149.28
2018-08-14 06:23,1534198980,4.4911,4.5,4.4877,4.4975,11129.33
2018-08-14 06:24,1534199040,4.4974,4.5179,4.4955,4.5163,10357.5
2018-08-14 06:25,1534199100,4.5189,4.5212,4.5067,4.521,10333.66
2018-08-14 06:26,1534199160,4.5221,4.5761,4.5221,4.5697,20407.32
2018-08-14 06:27,1534199220,4.57,4.5869,4.5562,4.578,66816.62
2018-08-14 06:28,1534199280,4.5782,4.5894,4.5757,4.5881,12285.34
2018-08-14 06:29,1534199340,4.5869,4.5895,4.5753,4.5811,4656.32
2018-08-14 06:30,1534199400,4.58,4.5836,4.5679,4.5695,10454.63
2018-08-14 06:31,1534199460,4.5692,4.5692,4.5517,4.5619,7659.01
2018-08-14 06:32,1534199520,4.5608,4.5642,4.55,4.55,46363.25
2018-08-14 06:33,1534199580,4.5523,4.5607,4.5523,4.5536,3936.56
2018-08-14 06:34,1534199640,4.554,4.5591,4.554,4.5591,6428.88
2018-08-14 06:35,1534199700,4.5591,4.5591,4.5528,4.5567,7267.44
2018-08-14 06:36,1534199760,4.5566,4.5595,4.5539,4.5539,9963.71
2018-08-14 06:37,1534199820,4.5545,4.5546,4.5452,4.5543,5224.71
2018-08-14 06:38,1534199880,4.5502,4.5502,4.547,4.5483,5782.88
2018-08-14 06:39,1534199940,4.5459,4.5474,4.5382,4.5418,4977.76
2018-08-14 06:40,1534200000,4.5378,4.5455,4.5378,4.5416,5236.38
2018-08-14 06:41,1534200060,4.5437,4.5467,4.5415,4.546,3677.79
2018-08-14 06:42,1534200120,4.5469,4.564,4.5469,4.5606,6592.93
2018-08-14 06:43,1534200180,4.5642,4.565,4.5571,4.5598,7149.19
2018-08-14 06:44,1534200240,4.5633,4.5707,4.5632,4.569,4709.15
2018-08-14 06:45,1534200300,4.5692,4.5713,4.5637,4.5639,7878.75
2018-08-14 06:46,1534200360,4.5651,4.576,4.5639,4.576,5465.59
2018-08-14 06:47,1534200420,4.5711,4.574,4.5543,4.5575,6834.92
2018-08-14 06:48,1534200480,4.5574,4.5633,4.5548,4.5616,8321.62
2018-08-14 06:49,1534200540,4.5626,4.5655,4.5603,4.5612,4924.06
2018-08-14 06:50,1534200600,4.5592,4.561,4.5543,4.5595,6413.69
2018-08-14 06:51,1534200660,4.5572,4.5592,4.552,4.5559,10812.98
2018-08-14 06:52,1534200720,4.554,4.5588,4.5469,4.5578,4246.45
2018-08-14 06:53,1534200780,4.5539,4.5699,4.5533,4.566,10586.41
2018-08-14 06:54,1534200840,4.5674,4.5697,4.5654,4.5656,14668.13
2018-08-14 06:55,1534200900,4.5627,4.5654,4.5608,4.5654,4172.19
2018-08-14 06:56,1534200960,4.5664,4.5707,4.564,4.5689,5486.94
2018-08-14 06:57,1534201020,4.5689,4.5703,4.5675,4.57,4940.93
2018-08-14 06:58,1534201080,4.5685,4.5706,4.5644,4.5677,9350.72
2018-08-14 06:59,1534201140,4.5683,4.5746,4.5683,4.5708,3403.97
2018-08-14 07:00,1534201200,4.5725,4.5746,4.5677,4.5745,9503.73
2018-08-14 07:01,1534201260,4.5713,4.58,4.5706,4.58,9818.69
2018-08-14 07:02,1534201320,4.5772,4.5819,4.5771,4.5783,8139.43
2018-08-14 07:03,1534201380,4.5781,4.5804,4.5725,4.5804,10276.45
2018-08-14 07:04,1534201440,4.5775,4.5795,4.5756,4.5777,7572.2
2018-08-14 07:05,1534201500,4.5763,4.583,4.5763,4.5821,3174.17
2018-08-14 07:06,1534201560,4.5807,4.591,4.579,4.5885,9845.57
2018-08-14 07:07,1534201620,4.5855,4.589,4.5825,4.5825,13139.5
2018-08-14 07:08,1534201680,4.5812,4.5812,4.5733,4.5753,4355.02
2018-08-14 07:09,1534201740,4.5742,4.5759,4.5715,4.5731,13230.67
2018-08-14 07:10,1534201800,4.5743,4.5757,4.5693,4.574,15304.57
2018-08-14 07:11,1534201860,4.574,4.5753,4.5711,4.5738,10833.42
2018-08-14 07:12,1534201920,4.5733,4.574,4.5704,4.5718,11486.06
2018-08-14 07:13,1534201980,4.5713,4.573,4.57,4.5725,13620.11
2018-08-14 07:14,1534202040,4.5721,4.5725,4.5708,4.5724,10915.48
2018-08-14 07:15,1534202100,4.5716,4.5727,4.5704,4.572,11530.79
2018-08-14 07:16,1534202160,4.572,4.5733,4.5703,4.5733,10545.86
2018-08-14 07:17,1534202220,4.5727,4.5778,4.5721,4.5778,5356.93
2018-08-14 07:18,1534202280,4.5775,4.5832,4.5748,4.5824,8462.21
2018-08-14 07:19,1534202340,4.5822,4.5835,4.5822,4.5835,4286.94
2018-08-14 07:20,1534202400,4.5819,4.5861,4.5808,4.5859,15381.79
2018-08-14 07:21,1534202460,4.5843,4.5885,4.5843,4.5885,5418.11
2018-08-14 07:22,1534202520,4.5885,4.5962,4.5885,4.5946,7503.3
2018-08-14 07:23,1534202580,4.5946,4.6164,4.5946,4.6081,11594.79
2018-08-14 07:24,1534202640,4.6075,4.6101,4.6004,4.6009,7513.7
2018-08-14 07:25,1534202700,4.6025,4.61,4.6025,4.6078,9496.63
2018-08-14 07:26,1534202760,4.6069,4.6101,4.6029,4.6101,7842.18
2018-08-14 07:27,1534202820,4.6107,4.6149,4.6066,4.6102,8420.45
2018-08-14 07:28,1534202880,4.6067,4.6111,4.6067,4.6111,6317.04
2018-08-14 07:29,1534202940,4.6108,4.6223,4.6023,4.6223,10253.15
2018-08-14 07:30,1534203000,4.6209,4.6279,4.6184,4.6184,6185.35
2018-08-14 07:31,1534203060,4.62,4.6244,4.6187,4.6244,3438.54
2018-08-14 07:32,1534203120,4.6247,4.6297,4.6203,4.6264,6861.87
2018-08-14 07:33,1534203180,4.6236,4.6398,4.6236,4.6272,10544.96
2018-08-14 07:34,1534203240,4.625,4.6295,4.6249,4.6271,2666.43
2018-08-14 07:35,1534203300,4.6265,4.6272,4.6213,4.6227,6051.1
2018-08-14 07:36,1534203360,4.6248,4.626,4.6105,4.6119,12976.01
2018-08-14 07:37,1534203420,4.6109,4.6124,4.6065,4.6087,12088.45
2018-08-14 07:38,1534203480,4.6106,4.6156,4.6101,4.6104,7577.65
2018-08-14 07:39,1534203540,4.6105,4.6151,4.61,4.6124,10077.04
2018-08-14 07:40,1534203600,4.6104,4.6162,4.6104,4.6128,7375.76
2018-08-14 07:41,1534203660,4.6115,4.6121,4.6081,4.6121,8360.88
2018-08-14 07:42,1534203720,4.611,4.6125,4.6105,4.6125,11246.0
2018-08-14 07:43,1534203780,4.612,4.6136,4.611,4.6111,13976.19
2018-08-14 07:44,1534203840,4.6112,4.6112,4.6067,4.6068,11774.69
2018-08-14 07:45,1534203900,4.6074,4.6098,4.6061,4.6081,11017.54
2018-08-14 07:46,1534203960,4.6064,4.6082,4.5998,4.6039,8382.16
2018-08-14 07:47,1534204020,4.601,4.6046,4.6004,4.6028,12493.81
2018-08-14 07:48,1534204080,4.6027,4.6038,4.596,4.596,14622.56
2018-08-14 07:49,1534204140,4.5959,4.5964,4.5905,4.5913,5220.55
2018-08-14 07:50,1534204200,4.5918,4.5932,4.5866,4.5867,6283.4
2018-08-14 07:51,1534204260,4.5882,4.5892,4.5807,4.5849,14123.08
2018-08-14 07:52,1534204320,4.5844,4.589,4.5844,4.589,10759.57
2018-08-14 07:53,1534204380,4.5881,4.5881,4.5706,4.5706,3326.02
2018-08-14 07:54,1534204440,4.5795,4.5835,4.5771,4.5817,10399.27
2018-08-14 07:55,1534204500,4.5817,4.5847,4.5781,4.58,5740.03
2018-08-14 07:56,1534204560,4.5786,4.5825,4.578,4.5812,5124.58
2018-08-14 07:57,1534204620,4.5801,4.5824,4.5776,4.5824,7371.3
2018-08-14 07:58,1534204680,4.5811,4.5822,4.5797,4.5797,7373.75
2018-08-14 07:59,1534204740,4.5791,4.58,4.5787,4.5799,8750.36
2018-08-14 08:00,1534204800,4.5818,4.5831,4.5757,4.578,7648.38
2018-08-14 08:01,1534204860,4.5789,4.5885,4.5775,4.5776,11940.85
2018-08-14 08:02,1534204920,4.5762,4.5777,4.561,4.561,10636.97
2018-08-14 08:03,1534204980,4.5654,4.5696,4.558,4.56,8073.54
2018-08-14 08:04,1534205040,4.563,4.5696,4.56,4.5684,10452.96
2018-08-14 08:05,1534205100,4.5656,4.5788,4.5656,4.57,7468.57
2018-08-14 08:06,1534205160,4.5672,4.5773,4.5672,4.5683,7246.74
2018-08-14 08:07,1534205220,4.5683,4.5748,4.5638,4.5677,10008.58
2018-08-14 08:08,1534205280,4.5689,4.5689,4.56,4.5608,6704.62
2018-08-14 08:09,1534205340,4.5631,4.5704,4.5631,4.5704,5074.41
2018-08-14 08:10,1534205400,4.569,4.5699,4.5585,4.5699,4547.24
2018-08-14 08:11,1534205460,4.5685,4.5729,4.5672,4.5709,10805.11
2018-08-14 08:12,1534205520,4.5747,4.5747,4.5635,4.5635,11916.36
2018-08-14 08:13,1534205580,4.565,4.565,4.5533,4.5617,7798.66
2018-08-14 08:14,1534205640,4.5587,4.5618,4.5519,4.5528,4755.88
2018-08-14 08:15,1534205700,4.5519,4.5527,4.5423,4.544,9613.6
2018-08-14 08:16,1534205760,4.5404,4.5432,4.5229,4.5267,4036.5
2018-08-14 08:17,1534205820,4.5242,4.5262,4.5006,4.5088,10576.05
2018-08-14 08:18,1534205880,4.5041,4.5055,4.481,4.4956,14889.19
2018-08-14 08:19,1534205940,4.4966,4.5088,4.4966,4.4981,8449.94
2018-08-14 08:20,1534206000,4.4976,4.5052,4.493,4.495,5332.16
2018-08-14 08:21,1534206060,4.4931,4.5088,4.4856,4.5084,18192.85
2018-08-14 08:22,1534206120,4.5088,4.5258,4.5088,4.5125,8548.0
2018-08-14 08:23,1534206180,4.5125,4.5166,4.5092,4.515,9674.18
2018-08-14 08:24,1534206240,4.5137,4.5141,4.5015,4.5015,10277.74
2018-08-14 08:25,1534206300,4.5095,4.5115,4.5055,4.5115,4958.83
2018-08-14 08:26,1534206360,4.5096,4.5106,4.5063,4.5065,6691.2
2018-08-14 08:27,1534206420,4.5047,4.5047,4.4847,4.4932,12122.02
2018-08-14 08:28,1534206480,4.492,4.492,4.4725,4.488,12351.39
2018-08-14 08:29,1534206540,4.4863,4.4875,4.4636,4.4649,17279.1
2018-08-14 08:30,1534206600,4.4634,4.4672,4.4475,4.4491,21121.74
2018-08-14 08:31,1534206660,4.4524,4.4561,4.4492,4.453,6807.88
2018-08-14 08:32,1534206720,4.4531,4.4541,4.4001,4.4001,27413.95
2018-08-14 08:33,1534206780,4.4031,4.4139,4.383,4.383,35524.3
2018-08-14 08:34,1534206840,4.383,4.3831,4.3178,4.3424,28380.32
2018-08-14 08:35,1534206900,4.3544,4.3616,4.3476,4.3543,14725.1
2018-08-14 08:36,1534206960,4.3532,4.3571,4.3494,4.35,13673.0
2018-08-14 08:37,1534207020,4.3542,4.3546,4.3233,4.325,10501.44
2018-08-14 08:38,1534207080,4.3276,4.3299,4.3001,4.3039,19395.13
2018-08-14 08:39,1534207140,4.3099,4.3214,4.3,4.3173,24071.59
2018-08-14 08:40,1534207200,4.3172,4.3417,4.3155,4.3417,16697.19
2018-08-14 08:41,1534207260,4.3417,4.3488,4.3363,4.3471,8857.67
2018-08-14 08:42,1534207320,4.349,4.3553,4.3489,4.3518,9520.21
2018-08-14 08:43,1534207380,4.3536,4.3683,4.3507,4.366,14615.08
2018-08-14 08:44,1534207440,4.3684,4.3726,4.366,4.366,16567.93
2018-08-14 08:45,1534207500,4.366,4.366,4.3398,4.3542,21562.68
2018-08-14 08:46,1534207560,4.3541,4.366,4.3541,4.3633,6166.4
2018-08-14 08:47,1534207620,4.3619,4.3872,4.3619,4.3769,21930.09
2018-08-14 08:48,1534207680,4.3806,4.3993,4.3799,4.3966,21859.71
2018-08-14 08:49,1534207740,4.3965,4.3966,4.3837,4.3837,12274.24
2018-08-14 08:50,1534207800,4.3844,4.3887,4.38,4.3841,8106.44
2018-08-14 08:51,1534207860,4.384,4.39,4.3828,4.3861,9024.4
2018-08-14 08:52,1534207920,4.3862,4.3874,4.3783,4.3807,9044.67
2018-08-14 08:53,1534207980,4.3812,4.3816,4.3729,4.3754,3650.82
2018-08-14 08:54,1534208040,4.3754,4.3888,4.37,4.3836,19628.14
2018-08-14 08:55,1534208100,4.3837,4.3854,4.3588,4.3633,7188.62
2018-08-14 08:56,1534208160,4.3597,4.3653,4.3567,4.3604,6771.6
2018-08-14 08:57,1534208220,4.3602,4.369,4.3601,4.3689,9202.08
2018-08-14 08:58,1534208280,4.3665,4.3791,4.3646,4.3716,6351.36
2018-08-14 08:59,1534208340,4.371,4.3754,4.3693,4.3721,6928.2
2018-08-14 09:00,1534208400,4.3721,4.3777,4.3701,4.3753,7550.86
2018-08-14 09:01,1534208460,4.3773,4.3826,4.3717,4.3779,4135.84
2018-08-14 09:02,1534208520,4.3783,4.3835,4.3738,4.379,7090.2
2018-08-14 09:03,1534208580,4.3806,4.3836,4.3785,4.3813,11016.03
2018-08-14 09:04,1534208640,4.3814,4.3832,4.3746,4.3789,9830.77
2018-08-14 09:05,1534208700,4.3775,4.3803,4.3717,4.3747,7098.14
2018-08-14 09:06,1534208760,4.3726,4.3743,4.3586,4.3618,7402.47
2018-08-14 09:07,1534208820,4.3614,4.3615,4.3357,4.3399,13195.86
2018-08-14 09:08,1534208880,4.3378,4.3378,4.3199,4.3249,15218.45
2018-08-14 09:09,1534208940,4.3251,4.3361,4.32,4.3308,9363.91
2018-08-14 09:10,1534209000,4.3277,4.3277,4.3028,4.3064,7119.98
2018-08-14 09:11,1534209060,4.3032,4.3067,4.2924,4.2927,15275.25
2018-08-14 09:12,1534209120,4.2926,4.2948,4.2734,4.2827,14270.71
2018-08-14 09:13,1534209180,4.2828,4.287,4.2769,4.2839,15735.91
2018-08-14 09:14,1534209240,4.2839,4.3209,4.2839,4.3208,9470.66
2018-08-14 09:15,1534209300,4.3206,4.3375,4.3157,4.3357,10441.95
2018-08-14 09:16,1534209360,4.336,4.3367,4.31,4.3181,21112.39
2018-08-14 09:17,1534209420,4.3143,4.32,4.31,4.31,7239.84
2018-08-14 09:18,1534209480,4.3124,4.3128,4.3025,4.3082,5897.4
2018-08-14 09:19,1534209540,4.3085,4.3108,4.2818,4.2818,19339.07
2018-08-14 09:20,1534209600,4.2895,4.3036,4.2849,4.3,15214.55
2018-08-14 09:21,1534209660,4.3,4.3,4.2849,4.2914,10310.38
2018-08-14 09:22,1534209720,4.2913,4.3023,4.285,4.3023,16607.85
2018-08-14 09:23,1534209780,4.3004,4.32,4.3004,4.3188,11852.3
2018-08-14 09:24,1534209840,4.32,4.325,4.305,4.3114,16778.9
2018-08-14 09:25,1534209900,4.3114,4.3143,4.3029,4.3077,9795.81
2018-08-14 09:26,1534209960,4.3013,4.3046,4.2899,4.2955,6707.69
2018-08-14 09:27,1534210020,4.2967,4.3006,4.2734,4.2917,18338.78
2018-08-14 09:28,1534210080,4.2919,4.3059,4.2919,4.3014,9945.83
2018-08-14 09:29,1534210140,4.3013,4.3059,4.296,4.3042,8633.18
2018-08-14 09:30,1534210200,4.3042,4.3156,4.3042,4.3156,14754.62
2018-08-14 09:31,1534210260,4.3154,4.33,4.3154,4.3236,8057.19
2018-08-14 09:32,1534210320,4.3281,4.33,4.3189,4.3231,5113.86
2018-08-14 09:33,1534210380,4.3229,4.3299,4.321,4.3299,6330.3
2018-08-14 09:34,1534210440,4.3299,4.3299,4.3264,4.329,3166.82
2018-08-14 09:35,1534210500,4.33,4.3311,4.3265,4.3265,6051.13
2018-08-14 09:36,1534210560,4.3273,4.33,4.3247,4.3248,6694.41
2018-08-14 09:37,1534210620,4.3262,4.3291,4.325,4.327,10884.49
2018-08-14 09:38,1534210680,4.3269,4.3291,4.3222,4.3269,5781.37
2018-08-14 09:39,1534210740,4.326,4.327,4.3126,4.3126,10009.63
2018-08-14 09:40,1534210800,4.3127,4.3127,4.3,4.3072,8173.93
2018-08-14 09:41,1534210860,4.3058,4.3173,4.3054,4.3145,9369.52
2018-08-14 09:42,1534210920,4.3145,4.3145,4.3074,4.3094,7257.67
2018-08-14 09:43,1534210980,4.3123,4.3173,4.3123,4.3173,11571.32
2018-08-14 09:44,1534211040,4.3173,4.3247,4.3173,4.3247,8534.97
2018-08-14 09:45,1534211100,4.3216,4.3291,4.3163,4.323,9877.63
2018-08-14 09:46,1534211160,4.3253,4.3282,4.3001,4.3002,10220.27
2018-08-14 09:47,1534211220,4.3003,4.3003,4.2754,4.2829,24253.96
2018-08-14 09:48,1534211280,4.283,4.2991,4.2798,4.2961,22795.78
2018-08-14 09:49,1534211340,4.296,4.305,4.2932,4.3038,9997.72
2018-08-14 09:50,1534211400,4.3049,4.3131,4.296,4.296,8692.91
2018-08-14 09:51,1534211460,4.295,4.2964,4.288,4.288,7398.08
2018-08-14 09:52,1534211520,4.2909,4.3,4.2844,4.3,12538.18
2018-08-14 09:53,1534211580,4.2945,4.3086,4.2944,4.306,13224.23
2018-08-14 09:54,1534211640,4.3073,4.32,4.3006,4.3063,14881.09
2018-08-14 09:55,1534211700,4.3061,4.3077,4.2842,4.2956,13290.99
2018-08-14 09:56,1534211760,4.2949,4.2949,4.28,4.2817,7285.75
2018-08-14 09:57,1534211820,4.2829,4.2933,4.28,4.2821,8938.02
2018-08-14 09:58,1534211880,4.282,4.2836,4.28,4.28,14718.42
2018-08-14 09:59,1534211940,4.2796,4.2796,4.2547,4.2595,20237.19
2018-08-14 10:00,1534212000,4.2613,4.2618,4.2543,4.2548,12302.05
2018-08-14 10:01,1534212060,4.2549,4.2578,4.247,4.247,11466.97
2018-08-14 10:02,1534212120,4.2465,4.2583,4.2443,4.255,20199.35
2018-08-14 10:03,1534212180,4.255,4.2575,4.233,4.2332,31355.48
2018-08-14 10:04,1534212240,4.2332,4.2338,4.2182,4.2271,39682.23
2018-08-14 10:05,1534212300,4.2271,4.23,4.2163,4.2165,16033.69
2018-08-14 10:06,1534212360,4.215,4.2162,4.18,4.194,38266.39
2018-08-14 10:07,1534212420,4.1938,4.1991,4.15,4.1829,34275.55
2018-08-14 10:08,1534212480,4.1827,4.3813,4.1754,4.2098,50078.42
2018-08-14 10:09,1534212540,4.2098,4.2729,4.2004,4.2479,26186.44
2018-08-14 10:10,1534212600,4.2546,4.2815,4.2455,4.2743,26129.07
2018-08-14 10:11,1534212660,4.2758,4.2951,4.2714,4.2948,16694.85
2018-08-14 10:12,1534212720,4.2946,4.3037,4.2742,4.2743,29810.75
2018-08-14 10:13,1534212780,4.2789,4.28,4.2566,4.2566,13469.72
2018-08-14 10:14,1534212840,4.2568,4.2634,4.2526,4.2634,5389.36
2018-08-14 10:15,1534212900,4.2602,4.28,4.2337,4.2691,31594.5
2018-08-14 10:16,1534212960,4.2693,4.271,4.25,4.2518,26578.93
2018-08-14 10:17,1534213020,4.2585,4.2687,4.2123,4.2632,43170.17
2018-08-14 10:18,1534213080,4.2632,4.2882,4.2632,4.2781,20815.54
2018-08-14 10:19,1534213140,4.2816,4.2852,4.2785,4.2849,10328.2
2018-08-14 10:20,1534213200,4.2841,4.286,4.2806,4.286,8464.97
2018-08-14 10:21,1534213260,4.2852,4.3035,4.2842,4.3035,11220.07
2018-08-14 10:22,1534213320,4.3037,4.3261,4.3037,4.3252,12205.5
2018-08-14 10:23,1534213380,4.3207,4.3276,4.3161,4.3192,23389.2
2018-08-14 10:24,1534213440,4.3194,4.3354,4.3171,4.3354,13508.31
2018-08-14 10:25,1534213500,4.3307,4.3452,4.3302,4.3423,20405.19
2018-08-14 10:26,1534213560,4.3364,4.353,4.3364,4.3484,18861.91
2018-08-14 10:27,1534213620,4.3486,4.3528,4.3145,4.3191,11315.44
2018-08-14 10:28,1534213680,4.3199,4.327,4.3083,4.3083,10265.53
2018-08-14 10:29,1534213740,4.3086,4.3086,4.2899,4.3047,6556.5
2018-08-14 10:30,1534213800,4.3055,4.3193,4.3031,4.3031,17566.56
2018-08-14 10:31,1534213860,4.3031,4.3129,4.303,4.3067,17633.53
2018-08-14 10:32,1534213920,4.3067,4.3094,4.3021,4.3055,18180.85
2018-08-14 10:33,1534213980,4.3054,4.31,4.3,4.3052,20590.32
2018-08-14 10:34,1534214040,4.3051,4.3089,4.3036,4.3059,14091.37
2018-08-14 10:35,1534214100,4.3069,4.3167,4.3069,4.3152,10478.25
2018-08-14 10:36,1534214160,4.3149,4.3208,4.31,4.3104,23922.41
2018-08-14 10:37,1534214220,4.3102,4.3103,4.302,4.3031,13090.39
2018-08-14 10:38,1534214280,4.3065,4.3065,4.284,4.3057,27580.18
2018-08-14 10:39,1534214340,4.3003,4.3194,4.2999,4.3098,17410.75
2018-08-14 10:40,1534214400,4.3099,4.3192,4.3099,4.3171,4132.63
2018-08-14 10:41,1534214460,4.3181,4.3181,4.3061,4.3153,10414.67
2018-08-14 10:42,1534214520,4.3189,4.3208,4.3096,4.3156,12360.66
2018-08-14 10:43,1534214580,4.314,4.3228,4.314,4.3203,9580.95
2018-08-14 10:44,1534214640,4.3186,4.3223,4.3092,4.3167,15413.5
2018-08-14 10:45,1534214700,4.3168,4.3171,4.31,4.3115,4872.4
2018-08-14 10:46,1534214760,4.3154,4.3156,4.3088,4.3103,9253.57
2018-08-14 10:47,1534214820,4.3111,4.3116,4.3004,4.3045,7738.18
2018-08-14 10:48,1534214880,4.3044,4.3045,4.2792,4.2854,22631.18
2018-08-14 10:49,1534214940,4.2827,4.3033,4.2755,4.2875,28818.58
2018-08-14 10:50,1534215000,4.2877,4.2907,4.2714,4.2889,15308.56
2018-08-14 10:51,1534215060,4.2889,4.2933,4.28,4.28,6057.4
2018-08-14 10:52,1534215120,4.2804,4.2957,4.2788,4.2904,7819.21
2018-08-14 10:53,1534215180,4.2903,4.2975,4.2899,4.2903,4995.41
2018-08-14 10:54,1534215240,4.2904,4.3013,4.2899,4.299,6312.86
2018-08-14 10:55,1534215300,4.2993,4.3129,4.2988,4.3093,6987.55
2018-08-14 10:56,1534215360,4.3113,4.3145,4.306,4.3125,10657.98
2018-08-14 10:57,1534215420,4.3145,4.3146,4.31,4.3111,9045.55
2018-08-14 10:58,1534215480,4.3111,4.3111,4.3,4.3049,5050.66
2018-08-14 10:59,1534215540,4.3049,4.306,4.3016,4.303,6336.9
2018-08-14 11:00,1534215600,4.3026,4.3037,4.3003,4.3003,4525.58
2018-08-14 11:01,1534215660,4.3002,4.3015,4.2938,4.2938,8360.57
2018-08-14 11:02,1534215720,4.2903,4.2954,4.2869,4.2869,6074.6
2018-08-14 11:03,1534215780,4.2863,4.2961,4.2858,4.2929,12537.72
2018-08-14 11:04,1534215840,4.293,4.2948,4.2859,4.2861,7082.26
2018-08-14 11:05,1534215900,4.2861,4.2861,4.2757,4.2825,19858.27
2018-08-14 11:06,1534215960,4.2851,4.3045,4.2851,4.2989,8563.4
2018-08-14 11:07,1534216020,4.299,4.299,4.2949,4.297,16675.57
2018-08-14 11:08,1534216080,4.2969,4.2974,4.2858,4.2945,23518.53
2018-08-14 11:09,1534216140,4.2967,4.33,4.2961,4.3257,28778.9
2018-08-14 11:10,1534216200,4.3258,4.3338,4.32,4.3311,27813.2
2018-08-14 11:11,1534216260,4.332,4.3498,4.3317,4.3487,26499.01
2018-08-14 11:12,1534216320,4.3486,4.3592,4.34,4.3551,21094.34
2018-08-14 11:13,1534216380,4.3602,4.3717,4.3557,4.3598,27565.79
2018-08-14 11:14,1534216440,4.357,4.3743,4.357,4.3743,14350.1
2018-08-14 11:15,1534216500,4.3723,4.3739,4.3688,4.3737,11751.45
2018-08-14 11:16,1534216560,4.3737,4.4055,4.37,4.37,21911.71
2018-08-14 11:17,1534216620,4.37,4.3709,4.355,4.3627,10366.19
2018-08-14 11:18,1534216680,4.3567,4.3651,4.3546,4.3603,7455.6
2018-08-14 11:19,1534216740,4.3629,4.3652,4.3475,4.3546,5475.41
2018-08-14 11:20,1534216800,4.3502,4.3564,4.3453,4.3515,7790.02
2018-08-14 11:21,1534216860,4.3546,4.3582,4.3516,4.353,4338.43
2018-08-14 11:22,1534216920,4.3556,4.3595,4.3555,4.3555,4465.43
2018-08-14 11:23,1534216980,4.3534,4.3602,4.353,4.353,7277.57
2018-08-14 11:24,1534217040,4.353,4.3565,4.3509,4.3509,19067.39
2018-08-14 11:25,1534217100,4.3485,4.3521,4.3482,4.3521,6778.57
2018-08-14 11:26,1534217160,4.352,4.3701,4.352,4.3691,7689.15
2018-08-14 11:27,1534217220,4.3668,4.3747,4.3643,4.3701,5656.38
2018-08-14 11:28,1534217280,4.3701,4.3701,4.3513,4.3544,8902.74
2018-08-14 11:29,1534217340,4.3528,4.3544,4.347,4.347,8198.71
2018-08-14 11:30,1534217400,4.3475,4.3535,4.347,4.3531,5944.49
2018-08-14 11:31,1534217460,4.3543,4.3545,4.3485,4.3485,6980.86
2018-08-14 11:32,1534217520,4.3495,4.3503,4.3419,4.3503,7113.3
2018-08-14 11:33,1534217580,4.3501,4.3506,4.34,4.3424,5208.61
2018-08-14 11:34,1534217640,4.3444,4.3444,4.3405,4.3406,10105.06
2018-08-14 11:35,1534217700,4.3406,4.3484,4.3406,4.3484,7202.44
2018-08-14 11:36,1534217760,4.3488,4.3503,4.3481,4.3481,7096.41
2018-08-14 11:37,1534217820,4.3481,4.3519,4.3481,4.3487,4604.59
2018-08-14 11:38,1534217880,4.3497,4.3551,4.3487,4.3548,6830.68
2018-08-14 11:39,1534217940,4.3526,4.3568,4.3523,4.3564,5355.87
2018-08-14 11:40,1534218000,4.3563,4.3841,4.353,4.3745,11176.9
2018-08-14 11:41,1534218060,4.3743,4.3744,4.3607,4.3648,5307.39
2018-08-14 11:42,1534218120,4.3648,4.3676,4.3567,4.3606,4339.41
2018-08-14 11:43,1534218180,4.3627,4.3661,4.3601,4.3634,2586.09
2018-08-14 11:44,1534218240,4.3634,4.3741,4.363,4.368,4482.45
2018-08-14 11:45,1534218300,4.371,4.3746,4.37,4.3746,5417.64
2018-08-14 11:46,1534218360,4.3725,4.3884,4.3725,4.381,4187.17
2018-08-14 11:47,1534218420,4.3854,4.39,4.3815,4.3832,4434.07
2018-08-14 11:48,1534218480,4.3815,4.387,4.3811,4.3846,8188.04
2018-08-14 11:49,1534218540,4.3854,4.3867,4.38,4.38,14250.36
2018-08-14 11:50,1534218600,4.3761,4.3775,4.3748,4.3748,5715.39
2018-08-14 11:51,1534218660,4.3744,4.3744,4.3706,4.3725,7354.87
2018-08-14 11:52,1534218720,4.3725,4.3778,4.3707,4.3759,4615.56
2018-08-14 11:53,1534218780,4.3771,4.3796,4.3771,4.3781,7102.1
2018-08-14 11:54,1534218840,4.3789,4.381,4.3781,4.3807,11095.99
2018-08-14 11:55,1534218900,4.3807,4.3873,4.3807,4.3867,7398.97
2018-08-14 11:56,1534218960,4.3867,4.4023,4.3867,4.3974,36915.5
2018-08-14 11:57,1534219020,4.3973,4.4012,4.3953,4.3953,6890.2
2018-08-14 11:58,1534219080,4.3957,4.4002,4.3901,4.3916,15877.33
2018-08-14 11:59,1534219140,4.3916,4.392,4.3864,4.3893,4146.48
2018-08-14 12:00,1534219200,4.3893,4.3924,4.38,4.3818,6525.33
2018-08-14 12:01,1534219260,4.3816,4.3817,4.3749,4.3751,2321.96
2018-08-14 12:02,1534219320,4.3762,4.384,4.3762,4.384,11104.95
2018-08-14 12:03,1534219380,4.382,4.3892,4.382,4.3844,12587.31
2018-08-14 12:04,1534219440,4.3869,4.3892,4.3844,4.3875,5570.88
2018-08-14 12:05,1534219500,4.3875,4.3897,4.3864,4.3893,5950.98
2018-08-14 12:06,1534219560,4.3892,4.3987,4.3868,4.3987,9438.17
2018-08-14 12:07,1534219620,4.3991,4.401,4.39,4.4009,7427.28
2018-08-14 12:08,1534219680,4.4013,4.43,4.4013,4.407,46745.32
2018-08-14 12:09,1534219740,4.4053,4.4115,4.3996,4.4024,14264.76
2018-08-14 12:10,1534219800,4.4076,4.4076,4.3939,4.3984,15114.11
2018-08-14 12:11,1534219860,4.3941,4.3971,4.39,4.3948,10741.06
2018-08-14 12:12,1534219920,4.3949,4.4066,4.3948,4.4058,5163.57
2018-08-14 12:13,1534219980,4.4057,4.4057,4.3967,4.4,6693.17
2018-08-14 12:14,1534220040,4.4,4.4097,4.3972,4.409,7408.18
2018-08-14 12:15,1534220100,4.4099,4.41,4.403,4.4049,5678.19
2018-08-14 12:16,1534220160,4.4072,4.4086,4.4009,4.4044,11122.36
2018-08-14 12:17,1534220220,4.4069,4.4069,4.3952,4.3952,7268.85
2018-08-14 12:18,1534220280,4.3976,4.4013,4.3952,4.3957,13050.91
2018-08-14 12:19,1534220340,4.3973,4.4034,4.393,4.3991,9698.99
2018-08-14 12:20,1534220400,4.4008,4.4015,4.3874,4.3969,10159.77
2018-08-14 12:21,1534220460,4.3951,4.4089,4.395,4.4029,11162.37
2018-08-14 12:22,1534220520,4.403,4.4073,4.4006,4.4073,6714.26
2018-08-14 12:23,1534220580,4.4088,4.41,4.4,4.4026,8479.48
2018-08-14 12:24,1534220640,4.4036,4.4085,4.4,4.4047,6174.12
2018-08-14 12:25,1534220700,4.4049,4.4084,4.4,4.4,21105.05
2018-08-14 12:26,1534220760,4.4005,4.4027,4.39,4.39,5232.66
2018-08-14 12:27,1534220820,4.3924,4.3973,4.3923,4.3946,4542.69
2018-08-14 12:28,1534220880,4.3949,4.3975,4.3768,4.3827,17294.0
2018-08-14 12:29,1534220940,4.3812,4.3817,4.3661,4.3673,21310.85
2018-08-14 12:30,1534221000,4.3692,4.37,4.3543,4.3652,6591.2
2018-08-14 12:31,1534221060,4.3652,4.3771,4.3535,4.37,31509.72
2018-08-14 12:32,1534221120,4.37,4.3701,4.355,4.3676,10149.97
2018-08-14 12:33,1534221180,4.3673,4.3704,4.3609,4.3701,4459.09
2018-08-14 12:34,1534221240,4.3677,4.375,4.3594,4.363,7542.74
2018-08-14 12:35,1534221300,4.3595,4.3629,4.3586,4.3586,4631.83
2018-08-14 12:36,1534221360,4.3575,4.3584,4.3524,4.3584,4519.39
2018-08-14 12:37,1534221420,4.3526,4.358,4.3457,4.3499,11201.72
2018-08-14 12:38,1534221480,4.3498,4.3499,4.3417,4.3438,9858.56
2018-08-14 12:39,1534221540,4.341,4.3457,4.33,4.3415,14417.74
2018-08-14 12:40,1534221600,4.3378,4.344,4.3361,4.3361,2314.78
2018-08-14 12:41,1534221660,4.339,4.3415,4.3375,4.3383,7311.64
