date,timechuo,open,high,low,close,vol
2019-01-28 15:12,1548659520,3470.34,3471.58,3467.24,3468.12,58.311856
2019-01-28 15:13,1548659580,3468.12,3469.37,3467.05,3467.05,20.874738
2019-01-28 15:14,1548659640,3467.6,3468.21,3465.65,3465.65,16.940887
2019-01-28 15:15,1548659700,3466.17,3466.17,3462.01,3463.0,14.337607
2019-01-28 15:16,1548659760,3462.55,3463.0,3458.2,3458.57,40.110762
2019-01-28 15:17,1548659820,3458.35,3459.07,3456.0,3457.87,40.686143
2019-01-28 15:18,1548659880,3456.89,3463.13,3456.89,3461.45,44.927414
2019-01-28 15:19,1548659940,3461.92,3462.72,3458.74,3460.0,20.358511
2019-01-28 15:20,1548660000,3459.98,3461.58,3459.29,3460.42,17.519556
2019-01-28 15:21,1548660060,3460.42,3464.84,3460.4,3463.17,24.923859
2019-01-28 15:22,1548660120,3463.17,3464.68,3462.01,3462.9,18.086995
2019-01-28 15:23,1548660180,3463.33,3464.68,3462.1,3463.13,13.413302
2019-01-28 15:24,1548660240,3463.15,3463.83,3462.37,3462.54,11.95949
2019-01-28 15:25,1548660300,3462.97,3470.77,3461.75,3466.82,57.878749
2019-01-28 15:26,1548660360,3466.61,3466.81,3463.2,3465.98,25.592995
2019-01-28 15:27,1548660420,3465.98,3466.13,3464.94,3464.98,21.918839
2019-01-28 15:28,1548660480,3464.98,3465.68,3463.47,3463.64,27.489769
2019-01-28 15:29,1548660540,3464.03,3464.82,3463.7,3464.45,13.281675
2019-01-28 15:30,1548660600,3464.35,3464.58,3462.67,3462.67,12.995781
2019-01-28 15:31,1548660660,3462.67,3463.98,3462.0,3462.37,15.732502
2019-01-28 15:32,1548660720,3462.36,3462.36,3460.0,3460.57,25.043385
2019-01-28 15:33,1548660780,3460.57,3460.57,3458.94,3459.06,13.567859
2019-01-28 15:34,1548660840,3459.04,3459.72,3458.12,3458.55,23.501474
2019-01-28 15:35,1548660900,3458.85,3462.35,3458.5,3462.35,27.039015
2019-01-28 15:36,1548660960,3462.37,3462.89,3458.59,3460.79,11.334554
2019-01-28 15:37,1548661020,3460.72,3463.0,3459.64,3459.78,34.294481
2019-01-28 15:38,1548661080,3460.21,3460.37,3459.0,3460.0,12.008413
2019-01-28 15:39,1548661140,3460.02,3460.03,3458.53,3459.49,11.417493
2019-01-28 15:40,1548661200,3459.37,3459.37,3458.53,3458.76,17.796834
2019-01-28 15:41,1548661260,3458.77,3459.23,3453.44,3454.77,39.025654
2019-01-28 15:42,1548661320,3454.77,3454.77,3452.26,3453.45,23.827814
2019-01-28 15:43,1548661380,3453.45,3454.0,3449.07,3451.83,25.231691
2019-01-28 15:44,1548661440,3452.66,3452.66,3450.35,3450.74,13.989244
2019-01-28 15:45,1548661500,3451.86,3454.0,3450.0,3453.95,46.926485
2019-01-28 15:46,1548661560,3453.45,3456.2,3451.56,3455.29,39.680698
2019-01-28 15:47,1548661620,3455.13,3457.0,3455.13,3456.3,6.66194
2019-01-28 15:48,1548661680,3456.88,3458.98,3456.3,3458.29,17.71523
2019-01-28 15:49,1548661740,3459.01,3459.01,3454.04,3454.84,20.852529
2019-01-28 15:50,1548661800,3454.69,3455.08,3452.7,3453.68,7.852366
2019-01-28 15:51,1548661860,3453.69,3454.55,3453.37,3454.13,11.297198
2019-01-28 15:52,1548661920,3454.12,3454.13,3452.98,3453.51,10.820709
2019-01-28 15:53,1548661980,3453.51,3453.51,3452.25,3452.76,12.751245
2019-01-28 15:54,1548662040,3452.76,3454.12,3452.76,3454.07,6.721904
2019-01-28 15:55,1548662100,3454.07,3455.38,3453.79,3454.52,14.724825
2019-01-28 15:56,1548662160,3455.32,3458.66,3454.62,3456.16,13.69327
2019-01-28 15:57,1548662220,3458.66,3458.66,3455.07,3455.07,6.753268
2019-01-28 15:58,1548662280,3455.17,3458.07,3455.08,3456.91,9.728536
2019-01-28 15:59,1548662340,3456.91,3457.38,3453.62,3454.4,13.405447
2019-01-28 16:00,1548662400,3453.72,3454.34,3448.0,3448.35,34.967878
2019-01-28 16:01,1548662460,3448.35,3449.0,3446.05,3447.0,20.403955
2019-01-28 16:02,1548662520,3446.7,3448.09,3442.72,3446.98,39.794532
2019-01-28 16:03,1548662580,3446.74,3446.74,3442.65,3444.66,29.808458
2019-01-28 16:04,1548662640,3444.68,3444.89,3443.06,3443.53,6.323764
2019-01-28 16:05,1548662700,3443.18,3445.64,3443.18,3445.59,23.37988
2019-01-28 16:06,1548662760,3444.9,3445.54,3442.99,3442.99,19.034286
2019-01-28 16:07,1548662820,3442.99,3444.82,3442.31,3443.27,9.731719
2019-01-28 16:08,1548662880,3443.29,3444.51,3441.01,3443.99,35.518688
2019-01-28 16:09,1548662940,3444.0,3445.76,3443.33,3445.01,15.608432
2019-01-28 16:10,1548663000,3445.01,3445.74,3442.95,3445.02,29.792617
2019-01-28 16:11,1548663060,3445.04,3446.27,3445.04,3445.85,8.676038
2019-01-28 16:12,1548663120,3445.83,3447.86,3445.82,3447.16,15.828117
2019-01-28 16:13,1548663180,3446.6,3447.42,3445.0,3445.36,13.884066
2019-01-28 16:14,1548663240,3445.32,3446.17,3441.0,3441.55,22.045364
2019-01-28 16:15,1548663300,3441.0,3441.57,3437.71,3439.0,39.849432
2019-01-28 16:16,1548663360,3437.74,3438.98,3436.72,3437.05,14.656992
2019-01-28 16:17,1548663420,3437.05,3437.72,3434.07,3434.83,21.749542
2019-01-28 16:18,1548663480,3434.85,3436.39,3432.0,3435.57,27.255937
2019-01-28 16:19,1548663540,3435.36,3435.94,3432.0,3434.36,18.626159
2019-01-28 16:20,1548663600,3434.24,3434.34,3429.18,3430.8,48.561888
2019-01-28 16:21,1548663660,3430.78,3435.54,3429.33,3433.67,39.683268
2019-01-28 16:22,1548663720,3433.53,3434.95,3427.39,3428.04,37.826502
2019-01-28 16:23,1548663780,3428.06,3435.29,3426.0,3431.23,58.812648
2019-01-28 16:24,1548663840,3429.18,3433.96,3428.79,3428.8,23.57251
2019-01-28 16:25,1548663900,3429.67,3431.19,3428.0,3429.65,19.73354
2019-01-28 16:26,1548663960,3430.1,3431.4,3428.49,3429.9,16.462973
2019-01-28 16:27,1548664020,3429.9,3435.54,3429.3,3434.44,32.06577
2019-01-28 16:28,1548664080,3434.44,3436.69,3430.32,3434.84,20.426292
2019-01-28 16:29,1548664140,3435.8,3436.84,3433.34,3436.83,7.465024
2019-01-28 16:30,1548664200,3436.82,3436.95,3433.4,3433.46,12.588988
2019-01-28 16:31,1548664260,3433.46,3436.24,3433.39,3435.54,14.537576
2019-01-28 16:32,1548664320,3435.54,3436.31,3434.02,3435.94,10.509547
2019-01-28 16:33,1548664380,3435.94,3437.49,3434.38,3437.04,22.009451
2019-01-28 16:34,1548664440,3437.41,3437.49,3436.35,3437.0,9.614401
2019-01-28 16:35,1548664500,3437.45,3438.98,3437.01,3438.93,21.680632
2019-01-28 16:36,1548664560,3438.93,3444.4,3438.51,3441.86,45.486452
2019-01-28 16:37,1548664620,3444.0,3445.08,3442.56,3445.07,9.990146
2019-01-28 16:38,1548664680,3445.2,3447.39,3445.0,3445.97,25.421321
2019-01-28 16:39,1548664740,3445.66,3446.87,3445.0,3445.31,20.800243
2019-01-28 16:40,1548664800,3445.68,3445.89,3441.5,3442.03,23.2392
2019-01-28 16:41,1548664860,3442.44,3442.98,3439.05,3439.84,11.779955
2019-01-28 16:42,1548664920,3439.1,3439.85,3435.74,3436.01,26.789054
2019-01-28 16:43,1548664980,3436.02,3437.71,3434.8,3435.93,10.208231
2019-01-28 16:44,1548665040,3434.99,3439.69,3434.98,3438.0,14.851959
2019-01-28 16:45,1548665100,3437.98,3445.67,3437.91,3439.1,60.754928
2019-01-28 16:46,1548665160,3440.4,3440.81,3438.77,3439.6,5.187065
2019-01-28 16:47,1548665220,3439.62,3439.62,3438.0,3438.82,10.17748
2019-01-28 16:48,1548665280,3438.86,3440.0,3438.83,3438.86,6.996399
2019-01-28 16:49,1548665340,3438.89,3441.07,3438.5,3439.0,15.925916
2019-01-28 16:50,1548665400,3438.67,3440.63,3436.42,3436.42,22.203816
2019-01-28 16:51,1548665460,3437.7,3437.7,3434.77,3435.0,7.217949
2019-01-28 16:52,1548665520,3435.0,3436.03,3433.38,3434.45,25.505365
2019-01-28 16:53,1548665580,3434.45,3437.4,3433.0,3437.4,28.881038
2019-01-28 16:54,1548665640,3437.4,3437.79,3435.19,3435.34,15.375922
2019-01-28 16:55,1548665700,3435.18,3436.6,3434.57,3435.39,15.775964
2019-01-28 16:56,1548665760,3435.54,3435.54,3430.47,3433.85,19.918285
2019-01-28 16:57,1548665820,3432.71,3434.17,3431.88,3432.99,8.365883
2019-01-28 16:58,1548665880,3433.15,3433.93,3431.82,3432.83,5.397929
2019-01-28 16:59,1548665940,3432.62,3433.21,3430.53,3431.93,28.471684
2019-01-28 17:00,1548666000,3430.88,3433.69,3430.86,3432.6,17.06118
2019-01-28 17:01,1548666060,3432.78,3436.59,3431.24,3436.59,31.391922
2019-01-28 17:02,1548666120,3436.25,3437.15,3435.33,3436.67,16.726113
2019-01-28 17:03,1548666180,3436.68,3439.15,3435.63,3437.2,13.097799
2019-01-28 17:04,1548666240,3436.74,3438.71,3436.74,3437.72,7.258437
2019-01-28 17:05,1548666300,3437.67,3438.62,3435.01,3436.25,14.776536
2019-01-28 17:06,1548666360,3435.98,3436.58,3434.0,3436.58,70.146201
2019-01-28 17:07,1548666420,3437.09,3437.89,3432.82,3434.39,26.187884
2019-01-28 17:08,1548666480,3434.39,3434.45,3432.75,3434.4,14.566341
2019-01-28 17:09,1548666540,3434.4,3436.02,3432.0,3434.14,12.214
2019-01-28 17:10,1548666600,3434.12,3435.06,3432.82,3433.98,13.983994
2019-01-28 17:11,1548666660,3434.0,3436.77,3433.65,3436.15,8.210249
2019-01-28 17:12,1548666720,3436.76,3446.24,3436.15,3446.22,57.291151
2019-01-28 17:13,1548666780,3445.07,3448.87,3443.38,3443.38,43.765298
2019-01-28 17:14,1548666840,3444.84,3449.0,3442.07,3447.23,41.181366
2019-01-28 17:15,1548666900,3447.0,3448.7,3446.23,3447.1,19.552813
2019-01-28 17:16,1548666960,3447.09,3447.5,3444.52,3445.15,31.840707
2019-01-28 17:17,1548667020,3444.53,3445.15,3442.08,3443.0,19.221956
2019-01-28 17:18,1548667080,3443.4,3443.4,3442.02,3442.03,9.124899
2019-01-28 17:19,1548667140,3442.97,3442.99,3440.54,3441.55,9.062115
2019-01-28 17:20,1548667200,3441.69,3441.7,3438.8,3439.6,7.885604
2019-01-28 17:21,1548667260,3439.89,3441.57,3439.05,3440.97,15.602335
2019-01-28 17:22,1548667320,3440.45,3441.4,3439.78,3441.29,5.204283
2019-01-28 17:23,1548667380,3440.33,3442.03,3440.32,3441.5,7.548967
2019-01-28 17:24,1548667440,3441.26,3442.03,3440.58,3441.67,6.382071
2019-01-28 17:25,1548667500,3441.93,3442.99,3441.67,3442.4,23.366347
2019-01-28 17:26,1548667560,3442.02,3442.98,3441.83,3442.23,21.523558
2019-01-28 17:27,1548667620,3442.67,3442.69,3441.68,3442.47,14.773897
2019-01-28 17:28,1548667680,3442.67,3444.91,3442.0,3442.36,51.543001
2019-01-28 17:29,1548667740,3442.71,3444.98,3440.72,3443.74,38.302752
2019-01-28 17:30,1548667800,3443.82,3444.99,3443.62,3443.78,19.974545
2019-01-28 17:31,1548667860,3443.76,3445.0,3442.83,3443.4,10.37797
2019-01-28 17:32,1548667920,3444.57,3445.24,3443.56,3444.69,12.472945
2019-01-28 17:33,1548667980,3445.22,3445.82,3444.09,3445.44,15.588756
2019-01-28 17:34,1548668040,3445.74,3445.82,3444.46,3445.44,6.18459
2019-01-28 17:35,1548668100,3445.82,3445.82,3443.57,3444.19,10.014047
2019-01-28 17:36,1548668160,3444.21,3446.79,3443.95,3446.24,9.733423
2019-01-28 17:37,1548668220,3445.78,3446.59,3444.39,3446.5,8.20576
2019-01-28 17:38,1548668280,3446.51,3447.0,3445.18,3446.98,12.529824
2019-01-28 17:39,1548668340,3446.74,3447.99,3446.44,3447.8,10.700602
2019-01-28 17:40,1548668400,3447.79,3447.84,3446.14,3447.35,14.016687
2019-01-28 17:41,1548668460,3446.76,3450.0,3445.92,3448.46,20.283586
2019-01-28 17:42,1548668520,3448.45,3450.86,3446.52,3450.16,88.96562
2019-01-28 17:43,1548668580,3450.37,3452.6,3448.23,3450.22,62.874485
2019-01-28 17:44,1548668640,3449.52,3450.9,3448.64,3448.91,29.906442
2019-01-28 17:45,1548668700,3448.4,3449.61,3446.89,3447.16,15.864644
2019-01-28 17:46,1548668760,3447.41,3447.41,3445.21,3447.0,12.205596
2019-01-28 17:47,1548668820,3446.99,3448.4,3445.89,3448.24,6.799772
2019-01-28 17:48,1548668880,3448.24,3448.64,3445.89,3447.62,6.340266
2019-01-28 17:49,1548668940,3447.04,3447.91,3445.6,3445.9,9.616817
2019-01-28 17:50,1548669000,3445.88,3446.0,3445.03,3445.75,20.252104
2019-01-28 17:51,1548669060,3445.98,3447.95,3445.26,3447.0,27.027272
2019-01-28 17:52,1548669120,3446.98,3449.91,3446.42,3448.93,11.226658
2019-01-28 17:53,1548669180,3448.93,3451.61,3446.0,3451.6,16.318533
2019-01-28 17:54,1548669240,3451.63,3451.97,3449.35,3450.12,17.858267
2019-01-28 17:55,1548669300,3450.1,3452.34,3449.21,3449.99,32.808561
2019-01-28 17:56,1548669360,3449.98,3453.0,3449.98,3451.45,23.873937
2019-01-28 17:57,1548669420,3452.3,3453.0,3451.45,3452.81,18.216379
2019-01-28 17:58,1548669480,3452.4,3453.0,3452.0,3452.98,14.697704
2019-01-28 17:59,1548669540,3453.0,3453.0,3451.49,3452.5,11.79375
2019-01-28 18:00,1548669600,3452.1,3452.88,3449.01,3449.93,12.604131
2019-01-28 18:01,1548669660,3449.04,3449.69,3446.49,3447.19,25.201161
2019-01-28 18:02,1548669720,3447.86,3448.17,3446.48,3446.5,11.665068
2019-01-28 18:03,1548669780,3446.69,3447.54,3446.0,3447.47,9.134731
2019-01-28 18:04,1548669840,3446.02,3447.41,3444.82,3445.0,35.903681
2019-01-28 18:05,1548669900,3445.14,3445.79,3442.29,3442.3,10.796051
2019-01-28 18:06,1548669960,3442.68,3443.3,3442.21,3442.4,33.082187
2019-01-28 18:07,1548670020,3442.4,3442.74,3439.02,3439.89,25.529661
2019-01-28 18:08,1548670080,3440.59,3441.99,3439.97,3440.78,8.213182
2019-01-28 18:09,1548670140,3440.76,3443.82,3440.04,3443.78,14.92458
2019-01-28 18:10,1548670200,3443.03,3446.29,3442.45,3445.16,6.513098
2019-01-28 18:11,1548670260,3446.29,3447.18,3444.01,3444.86,15.527315
2019-01-28 18:12,1548670320,3444.36,3446.81,3438.1,3443.92,54.548559
2019-01-28 18:13,1548670380,3443.69,3446.01,3443.29,3444.66,11.094315
2019-01-28 18:14,1548670440,3444.66,3445.65,3444.58,3445.64,7.265723
2019-01-28 18:15,1548670500,3445.64,3445.91,3445.0,3445.63,8.299648
2019-01-28 18:16,1548670560,3445.62,3446.81,3445.27,3446.11,7.756521
2019-01-28 18:17,1548670620,3445.66,3448.02,3445.37,3445.69,15.363796
2019-01-28 18:18,1548670680,3445.82,3446.0,3445.04,3445.89,13.506655
2019-01-28 18:19,1548670740,3445.89,3445.99,3443.44,3443.97,10.625661
2019-01-28 18:20,1548670800,3443.52,3443.99,3442.02,3442.35,8.498022
2019-01-28 18:21,1548670860,3442.13,3444.55,3442.1,3443.46,7.941584
2019-01-28 18:22,1548670920,3443.85,3444.0,3443.11,3443.11,7.015874
2019-01-28 18:23,1548670980,3442.98,3443.0,3442.41,3442.41,6.58979
2019-01-28 18:24,1548671040,3442.44,3443.0,3442.05,3443.0,7.666049
2019-01-28 18:25,1548671100,3442.59,3443.0,3441.05,3441.8,14.613161
2019-01-28 18:26,1548671160,3442.65,3443.0,3441.3,3442.71,4.649596
2019-01-28 18:27,1548671220,3442.91,3444.24,3441.62,3441.65,27.063059
2019-01-28 18:28,1548671280,3441.65,3443.96,3441.32,3442.58,17.583459
2019-01-28 18:29,1548671340,3443.4,3443.96,3442.29,3443.54,31.96135
2019-01-28 18:30,1548671400,3442.47,3443.99,3442.01,3442.33,8.711232
2019-01-28 18:31,1548671460,3442.33,3443.16,3442.3,3442.3,8.622578
2019-01-28 18:32,1548671520,3442.32,3445.0,3442.32,3443.93,17.536329
2019-01-28 18:33,1548671580,3444.64,3446.54,3443.83,3446.05,20.100895
2019-01-28 18:34,1548671640,3446.65,3448.0,3444.26,3444.99,16.699424
2019-01-28 18:35,1548671700,3445.0,3446.22,3444.67,3444.92,4.777539
2019-01-28 18:36,1548671760,3444.92,3447.03,3444.91,3445.48,8.838067
2019-01-28 18:37,1548671820,3446.23,3446.87,3444.33,3444.91,15.487142
2019-01-28 18:38,1548671880,3444.92,3446.89,3443.37,3445.35,19.124067
2019-01-28 18:39,1548671940,3445.35,3445.36,3442.78,3443.48,11.427201
2019-01-28 18:40,1548672000,3443.98,3444.14,3442.0,3442.07,17.182218
2019-01-28 18:41,1548672060,3442.24,3442.58,3441.64,3441.64,11.216608
2019-01-28 18:42,1548672120,3441.89,3442.32,3439.14,3439.51,10.303636
2019-01-28 18:43,1548672180,3439.18,3441.43,3437.44,3438.44,16.224182
2019-01-28 18:44,1548672240,3438.05,3438.05,3436.78,3437.01,7.852511
2019-01-28 18:45,1548672300,3437.53,3437.53,3435.88,3436.34,14.957481
2019-01-28 18:46,1548672360,3436.05,3436.3,3435.15,3435.56,18.557227
2019-01-28 18:47,1548672420,3436.0,3441.66,3435.24,3440.79,88.001951
2019-01-28 18:48,1548672480,3440.81,3442.75,3439.41,3441.41,11.634527
2019-01-28 18:49,1548672540,3441.41,3443.29,3440.59,3442.54,15.602477
2019-01-28 18:50,1548672600,3442.59,3443.84,3442.21,3442.29,13.706949
2019-01-28 18:51,1548672660,3442.32,3442.93,3442.32,3442.9,4.751855
2019-01-28 18:52,1548672720,3442.8,3443.95,3441.1,3442.08,10.075106
2019-01-28 18:53,1548672780,3442.1,3442.19,3440.11,3441.5,7.898395
2019-01-28 18:54,1548672840,3441.35,3441.5,3440.12,3440.27,7.761887
2019-01-28 18:55,1548672900,3440.3,3442.89,3440.3,3442.01,7.112165
2019-01-28 18:56,1548672960,3442.13,3442.76,3440.5,3441.15,8.692298
2019-01-28 18:57,1548673020,3442.2,3442.86,3440.17,3441.28,11.171762
2019-01-28 18:58,1548673080,3440.24,3441.27,3438.27,3440.23,7.51212
2019-01-28 18:59,1548673140,3439.66,3440.06,3435.15,3435.46,20.649495
2019-01-28 19:00,1548673200,3436.43,3439.45,3435.34,3438.43,12.024809
2019-01-28 19:01,1548673260,3438.46,3440.66,3438.45,3439.82,8.739473
2019-01-28 19:02,1548673320,3439.09,3440.87,3438.0,3440.87,27.163686
2019-01-28 19:03,1548673380,3440.83,3440.83,3439.0,3439.63,10.843375
2019-01-28 19:04,1548673440,3439.22,3441.06,3439.0,3439.59,11.652776
2019-01-28 19:05,1548673500,3439.13,3440.72,3439.1,3440.28,8.007478
2019-01-28 19:06,1548673560,3440.27,3440.72,3439.0,3439.58,18.725813
2019-01-28 19:07,1548673620,3439.91,3440.25,3439.0,3439.96,12.39817
2019-01-28 19:08,1548673680,3439.98,3439.99,3437.74,3437.75,14.119982
2019-01-28 19:09,1548673740,3437.75,3438.7,3436.14,3437.74,11.848998
2019-01-28 19:10,1548673800,3437.39,3437.98,3435.44,3436.2,15.272182
2019-01-28 19:11,1548673860,3436.19,3437.14,3435.15,3436.71,13.754544
2019-01-28 19:12,1548673920,3436.71,3436.95,3435.0,3435.6,18.775872
2019-01-28 19:13,1548673980,3435.19,3436.25,3433.0,3434.69,26.518401
2019-01-28 19:14,1548674040,3434.72,3436.0,3434.68,3435.28,16.955319
2019-01-28 19:15,1548674100,3435.72,3436.31,3434.69,3435.87,7.492383
2019-01-28 19:16,1548674160,3434.84,3436.26,3434.53,3435.99,10.975319
2019-01-28 19:17,1548674220,3435.11,3436.31,3435.04,3435.25,26.319867
2019-01-28 19:18,1548674280,3435.15,3435.27,3433.51,3435.09,32.005253
2019-01-28 19:19,1548674340,3434.32,3436.97,3434.0,3435.08,11.188311
2019-01-28 19:20,1548674400,3435.1,3438.72,3435.08,3438.72,24.376738
2019-01-28 19:21,1548674460,3438.71,3441.06,3436.97,3441.06,23.248528
2019-01-28 19:22,1548674520,3439.97,3441.1,3438.29,3438.79,10.764712
2019-01-28 19:23,1548674580,3438.88,3442.3,3438.73,3440.63,10.356833
2019-01-28 19:24,1548674640,3440.63,3442.09,3439.27,3439.42,9.34171
2019-01-28 19:25,1548674700,3440.31,3440.38,3438.66,3439.4,7.60863
2019-01-28 19:26,1548674760,3438.92,3439.47,3436.05,3437.76,17.902901
2019-01-28 19:27,1548674820,3437.43,3437.43,3434.0,3436.04,25.549107
2019-01-28 19:28,1548674880,3436.04,3437.78,3435.35,3437.1,10.244375
2019-01-28 19:29,1548674940,3436.52,3438.07,3436.52,3437.01,7.332076
2019-01-28 19:30,1548675000,3437.25,3437.77,3436.6,3437.3,7.870893
2019-01-28 19:31,1548675060,3436.61,3437.28,3435.41,3435.41,7.093852
2019-01-28 19:32,1548675120,3435.49,3436.9,3429.74,3433.54,66.960652
2019-01-28 19:33,1548675180,3432.77,3434.26,3432.77,3434.26,8.699969
2019-01-28 19:34,1548675240,3433.64,3434.25,3427.78,3428.43,35.357671
2019-01-28 19:35,1548675300,3429.24,3431.0,3427.77,3428.45,15.374011
2019-01-28 19:36,1548675360,3427.99,3429.2,3425.88,3425.89,22.812193
2019-01-28 19:37,1548675420,3426.49,3429.75,3425.88,3428.07,36.791334
2019-01-28 19:38,1548675480,3428.0,3432.03,3427.39,3431.71,21.925673
2019-01-28 19:39,1548675540,3431.72,3431.75,3427.05,3428.35,9.380053
2019-01-28 19:40,1548675600,3428.37,3430.04,3427.66,3428.42,14.924469
2019-01-28 19:41,1548675660,3428.58,3429.07,3427.66,3428.0,14.063145
2019-01-28 19:42,1548675720,3428.01,3432.42,3428.0,3430.34,26.157046
2019-01-28 19:43,1548675780,3430.35,3433.54,3428.7,3432.49,29.986753
2019-01-28 19:44,1548675840,3432.87,3433.0,3429.0,3431.94,26.494951
2019-01-28 19:45,1548675900,3430.51,3431.88,3429.09,3430.0,12.367718
2019-01-28 19:46,1548675960,3429.55,3430.92,3428.0,3428.91,13.349376
2019-01-28 19:47,1548676020,3428.45,3428.87,3426.29,3426.79,13.125972
2019-01-28 19:48,1548676080,3426.83,3427.0,3422.0,3422.9,48.046644
2019-01-28 19:49,1548676140,3422.86,3426.66,3422.0,3426.65,22.69118
2019-01-28 19:50,1548676200,3425.39,3426.65,3424.04,3424.05,9.664614
2019-01-28 19:51,1548676260,3424.46,3424.46,3416.88,3423.29,105.740829
2019-01-28 19:52,1548676320,3423.29,3424.47,3419.98,3421.69,14.489284
2019-01-28 19:53,1548676380,3421.67,3422.81,3419.06,3421.15,32.153527
2019-01-28 19:54,1548676440,3421.16,3422.81,3417.29,3418.96,38.990064
2019-01-28 19:55,1548676500,3418.44,3419.02,3415.02,3415.03,61.121459
2019-01-28 19:56,1548676560,3415.03,3418.57,3410.02,3418.37,87.927642
2019-01-28 19:57,1548676620,3418.0,3424.33,3418.0,3422.79,57.034081
2019-01-28 19:58,1548676680,3422.79,3428.09,3422.79,3426.18,38.106397
2019-01-28 19:59,1548676740,3425.01,3427.79,3425.0,3427.57,38.162083
2019-01-28 20:00,1548676800,3427.59,3427.63,3425.63,3426.58,93.174902
2019-01-28 20:01,1548676860,3426.67,3430.88,3425.91,3429.16,33.875177
2019-01-28 20:02,1548676920,3429.16,3432.14,3427.28,3428.51,59.989947
2019-01-28 20:03,1548676980,3428.53,3430.01,3428.5,3428.96,15.217295
2019-01-28 20:04,1548677040,3428.96,3430.0,3426.11,3426.12,23.521586
2019-01-28 20:05,1548677100,3426.12,3427.51,3425.29,3425.87,17.21908
2019-01-28 20:06,1548677160,3426.98,3428.68,3424.48,3425.55,48.311629
2019-01-28 20:07,1548677220,3425.17,3426.12,3422.64,3424.23,13.462233
2019-01-28 20:08,1548677280,3422.64,3423.85,3419.07,3419.14,46.16493
2019-01-28 20:09,1548677340,3419.98,3423.38,3417.18,3423.36,29.814723
2019-01-28 20:10,1548677400,3423.36,3423.38,3419.96,3420.87,32.556472
2019-01-28 20:11,1548677460,3420.87,3421.43,3418.43,3420.0,13.380666
2019-01-28 20:12,1548677520,3420.04,3421.16,3418.32,3419.08,18.946198
2019-01-28 20:13,1548677580,3418.45,3419.96,3416.98,3419.78,83.385068
2019-01-28 20:14,1548677640,3418.61,3425.86,3418.27,3424.57,31.695739
2019-01-28 20:15,1548677700,3424.65,3428.36,3424.17,3428.32,20.245795
2019-01-28 20:16,1548677760,3428.31,3428.31,3426.01,3427.95,20.327393
2019-01-28 20:17,1548677820,3428.14,3430.0,3427.71,3429.73,29.368473
2019-01-28 20:18,1548677880,3429.76,3434.82,3429.06,3430.23,132.958787
2019-01-28 20:19,1548677940,3430.23,3431.44,3428.52,3429.95,20.79664
2019-01-28 20:20,1548678000,3428.75,3429.95,3426.02,3426.93,17.796651
2019-01-28 20:21,1548678060,3426.08,3429.53,3426.07,3429.43,21.564268
2019-01-28 20:22,1548678120,3429.43,3430.0,3427.6,3430.0,24.191039
2019-01-28 20:23,1548678180,3430.02,3430.47,3428.88,3429.18,17.172258
2019-01-28 20:24,1548678240,3429.64,3429.74,3426.01,3429.33,27.707128
2019-01-28 20:25,1548678300,3429.33,3430.0,3428.32,3429.99,10.354623
2019-01-28 20:26,1548678360,3429.56,3430.56,3429.12,3429.41,13.318816
2019-01-28 20:27,1548678420,3429.13,3429.97,3428.23,3428.44,16.250902
2019-01-28 20:28,1548678480,3429.6,3429.61,3426.55,3427.21,16.983811
2019-01-28 20:29,1548678540,3427.23,3427.25,3425.17,3425.94,21.248407
2019-01-28 20:30,1548678600,3425.94,3426.0,3425.25,3425.98,17.020758
2019-01-28 20:31,1548678660,3425.99,3425.99,3424.0,3424.0,21.777691
2019-01-28 20:32,1548678720,3424.0,3424.95,3423.08,3423.22,55.381724
2019-01-28 20:33,1548678780,3423.01,3423.39,3422.25,3423.39,19.694235
2019-01-28 20:34,1548678840,3423.39,3427.27,3422.74,3426.93,41.283725
2019-01-28 20:35,1548678900,3426.71,3427.86,3425.26,3425.92,12.849758
2019-01-28 20:36,1548678960,3426.38,3427.41,3425.47,3426.41,11.987937
2019-01-28 20:37,1548679020,3426.14,3428.16,3426.14,3428.07,9.8684
2019-01-28 20:38,1548679080,3428.07,3429.17,3426.0,3427.11,35.987545
2019-01-28 20:39,1548679140,3427.07,3427.07,3425.26,3425.33,14.227801
2019-01-28 20:40,1548679200,3425.61,3425.61,3422.44,3423.0,37.709961
2019-01-28 20:41,1548679260,3422.97,3423.74,3421.74,3423.37,33.475611
2019-01-28 20:42,1548679320,3423.0,3423.66,3420.41,3422.87,35.185214
2019-01-28 20:43,1548679380,3422.87,3422.87,3420.07,3421.61,15.563093
2019-01-28 20:44,1548679440,3420.85,3422.0,3417.46,3419.58,51.966166
2019-01-28 20:45,1548679500,3418.98,3422.0,3418.18,3421.83,32.316317
2019-01-28 20:46,1548679560,3421.0,3422.1,3418.78,3420.4,15.786901
2019-01-28 20:47,1548679620,3420.7,3421.87,3420.16,3421.26,19.402172
2019-01-28 20:48,1548679680,3421.48,3421.86,3420.21,3420.96,21.464661
2019-01-28 20:49,1548679740,3420.96,3427.98,3420.44,3425.47,100.874216
2019-01-28 20:50,1548679800,3426.56,3427.9,3424.9,3426.01,46.838925
2019-01-28 20:51,1548679860,3426.49,3426.94,3424.47,3426.02,9.918245
2019-01-28 20:52,1548679920,3426.06,3427.77,3424.59,3424.6,17.131095
2019-01-28 20:53,1548679980,3425.16,3425.97,3424.58,3424.69,15.053226
2019-01-28 20:54,1548680040,3424.97,3425.03,3424.09,3424.62,13.84255
2019-01-28 20:55,1548680100,3424.8,3425.0,3422.16,3422.98,17.675921
2019-01-28 20:56,1548680160,3422.69,3423.87,3422.17,3423.31,12.922034
2019-01-28 20:57,1548680220,3423.62,3423.62,3421.73,3422.16,12.78099
2019-01-28 20:58,1548680280,3422.16,3422.99,3421.22,3421.22,14.80919
2019-01-28 20:59,1548680340,3421.98,3422.0,3420.38,3421.15,14.334006
2019-01-28 21:00,1548680400,3421.0,3421.98,3420.02,3420.81,15.023694
2019-01-28 21:01,1548680460,3420.4,3421.1,3420.0,3420.67,7.998445
2019-01-28 21:02,1548680520,3420.12,3421.03,3420.0,3420.0,12.016948
2019-01-28 21:03,1548680580,3420.25,3421.86,3419.51,3421.08,21.147308
2019-01-28 21:04,1548680640,3421.13,3424.56,3421.13,3424.56,44.367137
2019-01-28 21:05,1548680700,3424.44,3428.0,3423.88,3426.0,19.453834
2019-01-28 21:06,1548680760,3426.0,3427.24,3416.28,3423.17,72.557244
2019-01-28 21:07,1548680820,3423.15,3425.47,3421.11,3422.66,14.147934
2019-01-28 21:08,1548680880,3421.59,3424.7,3421.12,3424.36,22.580356
2019-01-28 21:09,1548680940,3423.21,3423.49,3421.26,3422.16,14.636697
2019-01-28 21:10,1548681000,3422.5,3423.0,3421.38,3422.28,44.425372
2019-01-28 21:11,1548681060,3422.66,3426.04,3422.33,3425.52,14.423699
2019-01-28 21:12,1548681120,3425.89,3426.28,3423.9,3425.14,11.872235
2019-01-28 21:13,1548681180,3425.14,3426.91,3424.0,3426.38,16.299539
2019-01-28 21:14,1548681240,3426.38,3427.83,3425.21,3427.05,19.18644
2019-01-28 21:15,1548681300,3427.03,3428.0,3425.67,3427.73,23.376836
2019-01-28 21:16,1548681360,3427.83,3428.0,3425.37,3427.08,17.456096
2019-01-28 21:17,1548681420,3426.53,3427.04,3425.38,3426.54,14.929005
2019-01-28 21:18,1548681480,3426.23,3427.55,3426.02,3426.73,20.433268
2019-01-28 21:19,1548681540,3426.96,3428.03,3426.01,3428.02,15.755354
2019-01-28 21:20,1548681600,3428.03,3429.16,3428.03,3429.09,16.765894
2019-01-28 21:21,1548681660,3428.74,3429.88,3428.04,3429.26,30.831252
2019-01-28 21:22,1548681720,3429.26,3429.9,3427.57,3429.34,20.705183
2019-01-28 21:23,1548681780,3429.34,3429.62,3427.75,3428.7,14.513492
2019-01-28 21:24,1548681840,3428.08,3432.0,3428.0,3430.81,57.062996
2019-01-28 21:25,1548681900,3430.63,3431.64,3427.5,3428.12,21.372763
2019-01-28 21:26,1548681960,3428.75,3430.82,3427.66,3429.53,45.274715
2019-01-28 21:27,1548682020,3429.98,3434.0,3429.59,3433.61,26.368805
2019-01-28 21:28,1548682080,3433.61,3434.0,3430.39,3432.25,38.455035
2019-01-28 21:29,1548682140,3431.48,3432.9,3429.88,3431.97,21.632048
2019-01-28 21:30,1548682200,3431.97,3432.85,3429.76,3430.99,27.416143
2019-01-28 21:31,1548682260,3430.58,3431.51,3429.02,3430.05,23.614212
2019-01-28 21:32,1548682320,3430.05,3430.7,3430.01,3430.06,28.424646
2019-01-28 21:33,1548682380,3430.3,3430.75,3429.39,3430.15,17.771774
2019-01-28 21:34,1548682440,3430.31,3430.73,3428.3,3428.33,16.14244
2019-01-28 21:35,1548682500,3428.31,3428.43,3427.41,3427.41,26.036502
2019-01-28 21:36,1548682560,3427.43,3428.3,3425.21,3426.24,30.880569
2019-01-28 21:37,1548682620,3426.24,3427.76,3425.35,3426.01,21.261746
2019-01-28 21:38,1548682680,3426.02,3426.23,3425.4,3426.1,11.290833
2019-01-28 21:39,1548682740,3426.08,3426.2,3425.38,3425.77,11.578393
2019-01-28 21:40,1548682800,3426.2,3427.0,3425.59,3426.82,12.303219
2019-01-28 21:41,1548682860,3426.84,3427.37,3425.53,3427.23,9.21104
2019-01-28 21:42,1548682920,3427.23,3429.33,3427.02,3428.95,10.764994
2019-01-28 21:43,1548682980,3428.57,3430.75,3428.57,3430.58,19.030151
2019-01-28 21:44,1548683040,3430.58,3431.97,3430.0,3431.77,13.011071
2019-01-28 21:45,1548683100,3430.47,3431.72,3430.11,3431.11,13.083231
2019-01-28 21:46,1548683160,3431.02,3431.34,3430.1,3430.54,11.347975
2019-01-28 21:47,1548683220,3430.21,3430.6,3428.43,3430.31,11.791823
2019-01-28 21:48,1548683280,3430.31,3430.33,3428.15,3428.58,10.788136
2019-01-28 21:49,1548683340,3428.58,3428.72,3427.0,3428.72,40.396578
2019-01-28 21:50,1548683400,3427.52,3430.82,3427.5,3430.7,24.33108
2019-01-28 21:51,1548683460,3429.25,3430.84,3429.25,3429.57,5.046218
2019-01-28 21:52,1548683520,3430.0,3430.0,3429.32,3429.82,11.537972
2019-01-28 21:53,1548683580,3429.32,3429.99,3428.5,3429.02,8.531115
2019-01-28 21:54,1548683640,3429.32,3429.82,3427.31,3427.34,8.594018
2019-01-28 21:55,1548683700,3428.19,3429.08,3427.37,3428.12,10.248178
2019-01-28 21:56,1548683760,3428.14,3429.13,3425.47,3428.44,34.353701
2019-01-28 21:57,1548683820,3428.4,3428.45,3428.4,3428.41,11.333085
2019-01-28 21:58,1548683880,3428.4,3428.7,3427.01,3427.94,11.096118
2019-01-28 21:59,1548683940,3427.52,3428.69,3427.0,3427.92,14.049064
2019-01-28 22:00,1548684000,3427.67,3428.41,3427.2,3427.61,15.99043
2019-01-28 22:01,1548684060,3427.63,3427.86,3425.43,3426.81,24.445762
2019-01-28 22:02,1548684120,3425.62,3427.53,3425.43,3425.98,11.151438
2019-01-28 22:03,1548684180,3425.44,3426.0,3419.77,3420.0,189.361787
2019-01-28 22:04,1548684240,3419.87,3423.52,3418.72,3419.9,79.509178
2019-01-28 22:05,1548684300,3419.92,3423.1,3419.31,3420.6,32.303509
2019-01-28 22:06,1548684360,3419.94,3422.05,3418.88,3421.62,18.705712
2019-01-28 22:07,1548684420,3421.68,3423.33,3418.0,3419.78,69.201139
2019-01-28 22:08,1548684480,3419.32,3421.56,3419.31,3420.38,18.7345
2019-01-28 22:09,1548684540,3420.38,3422.35,3419.74,3421.25,15.31464
2019-01-28 22:10,1548684600,3421.27,3422.32,3419.63,3421.0,12.837535
2019-01-28 22:11,1548684660,3419.94,3421.0,3419.64,3420.49,29.644981
2019-01-28 22:12,1548684720,3420.51,3421.0,3420.01,3420.97,14.228834
2019-01-28 22:13,1548684780,3420.57,3422.0,3420.34,3421.15,26.239366
2019-01-28 22:14,1548684840,3421.86,3421.99,3420.4,3421.99,16.603448
2019-01-28 22:15,1548684900,3421.98,3423.23,3421.3,3422.78,28.577981
2019-01-28 22:16,1548684960,3421.9,3424.15,3421.9,3424.1,10.761442
2019-01-28 22:17,1548685020,3423.24,3424.05,3422.5,3422.78,13.048499
2019-01-28 22:18,1548685080,3423.52,3423.82,3421.31,3422.29,12.964071
2019-01-28 22:19,1548685140,3422.96,3423.97,3421.56,3423.78,17.468621
2019-01-28 22:20,1548685200,3423.78,3426.08,3422.9,3423.97,21.686702
2019-01-28 22:21,1548685260,3424.55,3424.57,3421.3,3421.53,35.354765
2019-01-28 22:22,1548685320,3421.51,3423.5,3421.51,3422.78,14.347323
2019-01-28 22:23,1548685380,3422.78,3424.0,3422.53,3423.62,10.307045
2019-01-28 22:24,1548685440,3423.58,3423.99,3422.81,3423.0,10.919368
2019-01-28 22:25,1548685500,3423.38,3424.0,3423.04,3423.95,10.029157
2019-01-28 22:26,1548685560,3423.93,3424.9,3423.41,3424.0,23.713188
2019-01-28 22:27,1548685620,3423.98,3426.16,3423.89,3425.73,9.951101
2019-01-28 22:28,1548685680,3425.13,3427.31,3425.13,3425.93,14.651953
2019-01-28 22:29,1548685740,3426.15,3426.95,3425.5,3425.51,8.563226
2019-01-28 22:30,1548685800,3425.85,3426.15,3425.51,3425.78,7.374722
2019-01-28 22:31,1548685860,3425.78,3426.99,3425.77,3426.18,11.3854
2019-01-28 22:32,1548685920,3426.18,3427.49,3426.07,3426.51,14.968474
2019-01-28 22:33,1548685980,3426.98,3427.49,3425.76,3426.3,12.018107
2019-01-28 22:34,1548686040,3426.43,3427.38,3426.43,3426.61,7.771376
2019-01-28 22:35,1548686100,3426.79,3428.69,3426.61,3427.36,19.192041
2019-01-28 22:36,1548686160,3427.75,3428.27,3427.33,3428.08,11.760615
2019-01-28 22:37,1548686220,3427.91,3428.24,3426.78,3428.03,10.453786
2019-01-28 22:38,1548686280,3428.02,3428.18,3427.22,3427.87,6.785701
2019-01-28 22:39,1548686340,3427.89,3428.0,3426.3,3426.83,27.558786
2019-01-28 22:40,1548686400,3426.83,3427.5,3426.3,3426.3,9.458898
2019-01-28 22:41,1548686460,3426.3,3426.99,3425.0,3425.02,16.029597
2019-01-28 22:42,1548686520,3425.99,3427.09,3425.55,3426.0,10.409115
2019-01-28 22:43,1548686580,3426.0,3426.76,3425.21,3426.12,10.146786
2019-01-28 22:44,1548686640,3425.59,3426.12,3424.25,3425.0,7.661647
2019-01-28 22:45,1548686700,3425.0,3425.95,3424.32,3425.78,12.658932
2019-01-28 22:46,1548686760,3425.78,3427.5,3425.6,3426.93,13.181232
2019-01-28 22:47,1548686820,3426.91,3427.48,3425.9,3427.18,7.507748
2019-01-28 22:48,1548686880,3427.18,3427.5,3425.49,3427.46,14.980144
2019-01-28 22:49,1548686940,3427.46,3427.46,3425.0,3425.88,15.695327
2019-01-28 22:50,1548687000,3425.0,3427.0,3425.0,3426.97,16.894011
2019-01-28 22:51,1548687060,3425.94,3426.92,3425.2,3426.84,9.000814
2019-01-28 22:52,1548687120,3426.09,3426.83,3423.65,3425.23,41.416974
2019-01-28 22:53,1548687180,3425.2,3425.4,3423.59,3425.0,20.378473
2019-01-28 22:54,1548687240,3425.0,3426.0,3424.09,3425.6,26.577049
2019-01-28 22:55,1548687300,3425.6,3426.92,3425.38,3425.8,9.075562
2019-01-28 22:56,1548687360,3425.8,3426.44,3425.39,3425.4,11.099365
2019-01-28 22:57,1548687420,3425.41,3427.83,3425.4,3426.42,30.527714
2019-01-28 22:58,1548687480,3426.04,3427.58,3425.9,3425.93,13.482865
2019-01-28 22:59,1548687540,3425.93,3427.52,3425.93,3426.0,16.953138
2019-01-28 23:00,1548687600,3426.5,3426.8,3425.52,3426.0,13.557541
2019-01-28 23:01,1548687660,3425.77,3425.98,3422.13,3423.45,59.144179
2019-01-28 23:02,1548687720,3425.1,3427.39,3422.22,3422.57,36.933024
2019-01-28 23:03,1548687780,3422.57,3423.81,3419.07,3421.11,88.315585
2019-01-28 23:04,1548687840,3421.37,3423.63,3420.07,3421.39,24.11017
2019-01-28 23:05,1548687900,3421.4,3422.21,3417.18,3418.83,33.551415
2019-01-28 23:06,1548687960,3418.83,3419.0,3408.0,3415.14,181.539714
2019-01-28 23:07,1548688020,3415.13,3418.37,3411.02,3416.51,83.310653
2019-01-28 23:08,1548688080,3416.51,3424.46,3414.07,3417.85,82.711285
2019-01-28 23:09,1548688140,3419.44,3421.0,3418.0,3419.98,20.48765
2019-01-28 23:10,1548688200,3419.98,3423.57,3419.11,3420.9,45.031523
2019-01-28 23:11,1548688260,3420.9,3420.91,3417.27,3418.56,45.632042
2019-01-28 23:12,1548688320,3418.25,3420.31,3412.0,3420.29,52.919649
2019-01-28 23:13,1548688380,3418.36,3420.07,3415.43,3416.11,37.419157
2019-01-28 23:14,1548688440,3416.14,3417.4,3412.0,3416.81,46.069061
2019-01-28 23:15,1548688500,3415.09,3416.83,3410.03,3410.91,84.933454
2019-01-28 23:16,1548688560,3410.01,3413.45,3409.01,3412.05,100.353796
2019-01-28 23:17,1548688620,3413.36,3417.29,3401.0,3413.1,274.327088
2019-01-28 23:18,1548688680,3412.13,3435.7,3410.0,3423.48,391.294923
2019-01-28 23:19,1548688740,3421.16,3423.76,3417.42,3418.83,124.106452
2019-01-28 23:20,1548688800,3418.49,3418.8,3416.74,3417.02,81.753237
2019-01-28 23:21,1548688860,3417.02,3417.81,3414.29,3414.45,84.44099
2019-01-28 23:22,1548688920,3416.59,3416.63,3407.99,3408.0,265.816687
2019-01-28 23:23,1548688980,3408.0,3410.98,3405.73,3406.37,103.619715
2019-01-28 23:24,1548689040,3406.37,3407.81,3391.64,3398.25,366.882955
2019-01-28 23:25,1548689100,3396.57,3407.54,3384.97,3404.78,447.5204
2019-01-28 23:26,1548689160,3404.78,3408.64,3403.17,3406.0,182.772905
2019-01-28 23:27,1548689220,3406.0,3408.39,3402.0,3407.77,91.69928
2019-01-28 23:28,1548689280,3407.03,3411.67,3406.14,3411.0,91.86538
2019-01-28 23:29,1548689340,3411.29,3411.53,3407.95,3408.03,109.793963
2019-01-28 23:30,1548689400,3409.66,3412.0,3408.0,3409.44,82.419143
2019-01-28 23:31,1548689460,3409.44,3409.44,3406.98,3407.84,37.123649
2019-01-28 23:32,1548689520,3407.81,3407.82,3397.44,3402.63,114.381887
2019-01-28 23:33,1548689580,3404.15,3404.97,3399.7,3402.13,55.97048
2019-01-28 23:34,1548689640,3401.89,3403.0,3395.76,3396.0,48.926264
2019-01-28 23:35,1548689700,3397.33,3399.44,3392.83,3397.08,87.622784
2019-01-28 23:36,1548689760,3397.05,3397.08,3390.41,3390.88,46.155714
2019-01-28 23:37,1548689820,3391.74,3396.36,3390.49,3395.31,90.861213
2019-01-28 23:38,1548689880,3396.88,3396.9,3390.73,3392.05,54.314039
2019-01-28 23:39,1548689940,3392.05,3392.07,3380.27,3386.97,238.993467
2019-01-28 23:40,1548690000,3384.71,3398.64,3384.71,3397.06,176.573046
2019-01-28 23:41,1548690060,3397.07,3399.94,3392.56,3396.98,81.35964
2019-01-28 23:42,1548690120,3396.98,3403.31,3395.58,3402.37,147.332288
2019-01-28 23:43,1548690180,3403.17,3404.98,3401.08,3404.26,63.123081
2019-01-28 23:44,1548690240,3404.26,3408.77,3398.51,3408.52,113.84975
2019-01-28 23:45,1548690300,3408.51,3408.75,3404.0,3406.3,52.907658
2019-01-28 23:46,1548690360,3405.16,3406.77,3402.62,3403.68,48.760909
2019-01-28 23:47,1548690420,3403.9,3405.89,3403.53,3405.8,39.471128
2019-01-28 23:48,1548690480,3405.8,3406.79,3405.0,3406.7,28.059129
2019-01-28 23:49,1548690540,3405.9,3409.98,3405.19,3409.91,49.340973
2019-01-28 23:50,1548690600,3409.91,3415.29,3408.0,3409.02,134.906705
2019-01-28 23:51,1548690660,3410.38,3414.4,3409.11,3413.2,40.119034
2019-01-28 23:52,1548690720,3414.29,3423.0,3412.79,3416.79,61.486246
2019-01-28 23:53,1548690780,3416.79,3424.47,3416.79,3424.47,48.435632
2019-01-28 23:54,1548690840,3422.76,3425.15,3422.0,3424.5,53.200399
2019-01-28 23:55,1548690900,3424.5,3430.7,3422.0,3430.0,54.026803
2019-01-28 23:56,1548690960,3430.0,3431.87,3427.55,3428.54,100.915912
2019-01-28 23:57,1548691020,3427.55,3428.81,3423.01,3425.41,35.322742
2019-01-28 23:58,1548691080,3425.0,3425.41,3420.87,3422.62,41.451679
2019-01-28 23:59,1548691140,3422.68,3423.79,3419.04,3420.06,42.325283
2019-01-29 00:00,1548691200,3420.5,3423.75,3419.03,3423.75,38.289164
2019-01-29 00:01,1548691260,3423.73,3423.79,3421.64,3422.71,24.450336
2019-01-29 00:02,1548691320,3423.01,3428.86,3422.77,3428.67,46.423289
2019-01-29 00:03,1548691380,3428.85,3431.31,3426.65,3428.68,53.669476
2019-01-29 00:04,1548691440,3428.58,3432.03,3426.91,3431.18,54.295383
2019-01-29 00:05,1548691500,3432.03,3435.7,3431.0,3434.0,72.685492
2019-01-29 00:06,1548691560,3434.0,3435.0,3433.0,3433.09,100.409555
2019-01-29 00:07,1548691620,3433.09,3434.33,3432.03,3432.96,67.651399
2019-01-29 00:08,1548691680,3432.54,3433.74,3430.7,3432.59,46.840684
2019-01-29 00:09,1548691740,3432.18,3432.75,3429.93,3430.02,38.245426
2019-01-29 00:10,1548691800,3430.02,3430.56,3423.15,3423.99,59.378947
2019-01-29 00:11,1548691860,3423.29,3425.38,3422.06,3424.46,55.186731
2019-01-29 00:12,1548691920,3424.7,3426.43,3424.0,3426.43,16.975741
2019-01-29 00:13,1548691980,3426.43,3426.43,3424.46,3424.75,23.749406
2019-01-29 00:14,1548692040,3424.76,3426.23,3424.05,3424.24,23.884982
2019-01-29 00:15,1548692100,3424.59,3425.03,3420.35,3422.11,38.274807
2019-01-29 00:16,1548692160,3422.11,3422.37,3420.0,3420.53,17.750664
2019-01-29 00:17,1548692220,3421.4,3422.58,3418.14,3422.58,47.55417
2019-01-29 00:18,1548692280,3422.58,3427.59,3421.74,3427.12,37.299341
2019-01-29 00:19,1548692340,3426.66,3427.9,3424.01,3424.06,25.096995
2019-01-29 00:20,1548692400,3424.06,3424.06,3421.53,3423.09,15.373875
2019-01-29 00:21,1548692460,3422.44,3423.51,3419.46,3419.51,20.394184
2019-01-29 00:22,1548692520,3420.0,3420.0,3416.85,3418.04,30.952746
2019-01-29 00:23,1548692580,3416.86,3416.87,3412.61,3413.99,73.501788
2019-01-29 00:24,1548692640,3413.97,3418.0,3412.91,3416.56,60.404949
2019-01-29 00:25,1548692700,3417.24,3417.99,3415.39,3416.11,15.142088
2019-01-29 00:26,1548692760,3416.13,3418.0,3415.03,3417.98,26.316826
2019-01-29 00:27,1548692820,3417.98,3419.99,3417.02,3418.87,25.234331
2019-01-29 00:28,1548692880,3419.56,3420.27,3418.15,3419.96,27.195355
2019-01-29 00:29,1548692940,3419.94,3427.5,3419.0,3423.31,65.315568
2019-01-29 00:30,1548693000,3423.31,3427.01,3421.83,3423.78,24.591886
2019-01-29 00:31,1548693060,3423.75,3426.23,3423.75,3425.61,17.677958
2019-01-29 00:32,1548693120,3425.61,3426.53,3420.6,3423.51,42.59739
2019-01-29 00:33,1548693180,3423.49,3424.43,3421.84,3424.05,55.703923
2019-01-29 00:34,1548693240,3424.05,3424.78,3422.02,3424.78,27.639044
2019-01-29 00:35,1548693300,3423.52,3424.74,3422.65,3423.84,20.325881
2019-01-29 00:36,1548693360,3423.06,3424.6,3419.21,3420.03,84.308583
2019-01-29 00:37,1548693420,3420.69,3420.69,3417.49,3419.19,23.999357
2019-01-29 00:38,1548693480,3419.78,3421.13,3419.21,3420.38,28.705335
2019-01-29 00:39,1548693540,3420.38,3421.79,3419.93,3420.07,23.740433
2019-01-29 00:40,1548693600,3420.07,3420.07,3414.4,3416.24,114.061938
2019-01-29 00:41,1548693660,3416.21,3417.36,3414.82,3416.38,35.77977
2019-01-29 00:42,1548693720,3416.91,3418.01,3413.0,3413.09,71.493217
2019-01-29 00:43,1548693780,3413.1,3416.2,3413.09,3414.57,21.579915
2019-01-29 00:44,1548693840,3415.0,3420.82,3414.57,3419.42,45.541276
2019-01-29 00:45,1548693900,3419.45,3420.5,3415.49,3417.58,25.504969
2019-01-29 00:46,1548693960,3417.28,3418.22,3414.57,3414.57,24.579763
2019-01-29 00:47,1548694020,3414.67,3414.91,3412.58,3412.6,27.811649
2019-01-29 00:48,1548694080,3413.32,3413.4,3412.64,3412.76,21.432879
2019-01-29 00:49,1548694140,3412.72,3413.11,3411.5,3412.46,21.413075
2019-01-29 00:50,1548694200,3412.46,3412.7,3411.0,3411.01,23.360167
2019-01-29 00:51,1548694260,3411.53,3411.55,3408.99,3409.8,57.882161
2019-01-29 00:52,1548694320,3409.82,3410.15,3408.9,3408.9,41.010906
2019-01-29 00:53,1548694380,3410.01,3414.03,3408.9,3411.88,28.875937
2019-01-29 00:54,1548694440,3412.47,3416.71,3411.88,3413.94,53.13528
2019-01-29 00:55,1548694500,3415.41,3415.41,3412.99,3415.27,28.495224
2019-01-29 00:56,1548694560,3415.27,3416.47,3413.85,3415.66,20.299311
2019-01-29 00:57,1548694620,3415.63,3415.64,3413.03,3414.65,29.337226
2019-01-29 00:58,1548694680,3414.63,3414.63,3411.87,3413.58,25.206652
2019-01-29 00:59,1548694740,3412.62,3412.91,3409.6,3411.05,24.272707
2019-01-29 01:00,1548694800,3410.95,3410.98,3408.82,3410.17,34.173526
2019-01-29 01:01,1548694860,3409.24,3412.14,3409.12,3412.02,40.024528
2019-01-29 01:02,1548694920,3412.09,3413.42,3410.5,3413.42,29.015017
2019-01-29 01:03,1548694980,3413.02,3415.47,3413.0,3414.99,19.173406
2019-01-29 01:04,1548695040,3414.46,3417.03,3413.95,3414.35,28.572548
2019-01-29 01:05,1548695100,3414.35,3417.02,3413.85,3414.52,29.193406
2019-01-29 01:06,1548695160,3414.52,3416.09,3414.52,3415.03,20.815212
2019-01-29 01:07,1548695220,3415.92,3417.99,3415.03,3417.84,29.076239
2019-01-29 01:08,1548695280,3417.43,3417.84,3416.41,3416.91,21.136289
2019-01-29 01:09,1548695340,3416.69,3417.56,3415.0,3416.66,23.723157
2019-01-29 01:10,1548695400,3416.66,3419.0,3414.89,3417.27,52.439626
2019-01-29 01:11,1548695460,3418.0,3418.0,3414.97,3416.44,21.000405
2019-01-29 01:12,1548695520,3416.01,3417.13,3415.34,3416.71,14.769458
2019-01-29 01:13,1548695580,3415.35,3416.71,3414.0,3414.03,26.023578
2019-01-29 01:14,1548695640,3415.59,3415.59,3413.85,3414.42,12.1344
2019-01-29 01:15,1548695700,3414.49,3414.49,3412.62,3413.63,20.295139
2019-01-29 01:16,1548695760,3414.48,3414.48,3411.0,3411.0,18.144671
2019-01-29 01:17,1548695820,3411.0,3414.49,3411.0,3413.53,17.284071
2019-01-29 01:18,1548695880,3413.12,3414.29,3412.36,3413.2,15.198767
2019-01-29 01:19,1548695940,3413.45,3416.98,3413.16,3416.98,34.493041
2019-01-29 01:20,1548696000,3416.52,3417.76,3414.17,3415.02,37.633147
2019-01-29 01:21,1548696060,3414.51,3416.86,3412.58,3413.78,27.429215
2019-01-29 01:22,1548696120,3413.78,3416.4,3413.07,3416.09,18.629567
2019-01-29 01:23,1548696180,3414.51,3416.03,3413.49,3413.56,16.293692
2019-01-29 01:24,1548696240,3413.58,3416.0,3413.39,3414.55,15.765219
2019-01-29 01:25,1548696300,3415.19,3415.51,3413.39,3414.21,15.062415
2019-01-29 01:26,1548696360,3413.89,3415.95,3413.39,3415.14,17.493527
2019-01-29 01:27,1548696420,3415.17,3415.94,3413.32,3413.47,17.769315
2019-01-29 01:28,1548696480,3414.03,3414.88,3413.28,3414.82,14.384241
2019-01-29 01:29,1548696540,3414.44,3416.0,3414.06,3414.73,17.225783
2019-01-29 01:30,1548696600,3415.07,3415.89,3414.26,3415.46,13.102505
2019-01-29 01:31,1548696660,3414.44,3416.39,3414.42,3415.32,12.773519
2019-01-29 01:32,1548696720,3416.35,3416.67,3414.2,3415.32,21.131462
2019-01-29 01:33,1548696780,3414.67,3415.32,3413.49,3414.56,14.577187
2019-01-29 01:34,1548696840,3414.02,3414.56,3412.94,3413.66,14.971402
2019-01-29 01:35,1548696900,3413.39,3414.56,3412.24,3414.52,16.622329
2019-01-29 01:36,1548696960,3413.94,3414.56,3412.61,3414.44,17.492309
2019-01-29 01:37,1548697020,3414.09,3414.5,3412.9,3412.98,11.483834
2019-01-29 01:38,1548697080,3412.99,3414.4,3412.9,3413.99,18.147745
2019-01-29 01:39,1548697140,3413.1,3414.39,3412.91,3412.97,13.365171
2019-01-29 01:40,1548697200,3412.95,3414.39,3412.95,3414.24,11.981941
2019-01-29 01:41,1548697260,3413.98,3414.87,3413.32,3414.87,14.793013
2019-01-29 01:42,1548697320,3414.86,3415.68,3414.27,3414.55,12.709321
2019-01-29 01:43,1548697380,3414.56,3418.22,3414.56,3417.31,24.651373
2019-01-29 01:44,1548697440,3416.7,3417.54,3415.29,3416.56,14.605464
2019-01-29 01:45,1548697500,3416.05,3417.63,3416.05,3417.59,11.92376
2019-01-29 01:46,1548697560,3417.57,3418.47,3417.14,3418.0,11.906465
2019-01-29 01:47,1548697620,3417.57,3418.63,3417.28,3418.18,24.844313
2019-01-29 01:48,1548697680,3418.37,3419.65,3418.2,3419.65,27.868237
2019-01-29 01:49,1548697740,3419.15,3420.0,3418.51,3419.65,15.409923
2019-01-29 01:50,1548697800,3419.66,3420.0,3418.87,3420.0,10.661418
2019-01-29 01:51,1548697860,3420.0,3422.21,3419.84,3422.19,12.138176
2019-01-29 01:52,1548697920,3422.18,3423.8,3421.22,3423.23,17.246395
2019-01-29 01:53,1548697980,3423.03,3423.66,3422.15,3422.9,14.410507
2019-01-29 01:54,1548698040,3422.81,3423.69,3416.66,3417.9,42.178646
2019-01-29 01:55,1548698100,3417.27,3420.78,3416.68,3419.29,9.146262
2019-01-29 01:56,1548698160,3418.95,3419.31,3417.76,3418.5,6.249952
2019-01-29 01:57,1548698220,3418.48,3419.56,3417.06,3418.86,13.157769
2019-01-29 01:58,1548698280,3419.01,3421.36,3418.29,3420.7,11.88858
2019-01-29 01:59,1548698340,3419.0,3420.5,3418.25,3418.64,8.627146
2019-01-29 02:00,1548698400,3419.75,3420.93,3418.25,3419.02,11.832701
2019-01-29 02:01,1548698460,3420.12,3421.15,3419.1,3420.99,5.79972
2019-01-29 02:02,1548698520,3420.95,3421.15,3419.7,3420.88,9.191233
2019-01-29 02:03,1548698580,3421.57,3423.2,3420.42,3423.1,13.431191
2019-01-29 02:04,1548698640,3422.79,3423.06,3422.11,3422.92,14.424806
2019-01-29 02:05,1548698700,3422.92,3423.69,3422.59,3423.0,8.768399
2019-01-29 02:06,1548698760,3423.0,3424.39,3423.0,3424.0,14.421523
2019-01-29 02:07,1548698820,3424.16,3424.83,3424.0,3424.81,12.616918
2019-01-29 02:08,1548698880,3424.8,3425.38,3422.55,3422.99,53.00332
2019-01-29 02:09,1548698940,3423.57,3424.5,3422.21,3422.72,12.631233
2019-01-29 02:10,1548699000,3422.93,3423.4,3420.06,3421.05,13.675545
2019-01-29 02:11,1548699060,3420.69,3424.25,3420.56,3422.23,37.097069
2019-01-29 02:12,1548699120,3422.27,3426.01,3422.27,3426.0,26.373719
2019-01-29 02:13,1548699180,3426.01,3427.2,3424.87,3425.02,61.024225
2019-01-29 02:14,1548699240,3425.0,3425.79,3424.05,3424.96,12.384394
2019-01-29 02:15,1548699300,3424.23,3426.12,3424.23,3425.73,9.322773
2019-01-29 02:16,1548699360,3425.72,3426.33,3424.16,3425.78,6.178583
2019-01-29 02:17,1548699420,3425.34,3425.79,3425.0,3425.7,10.167639
2019-01-29 02:18,1548699480,3425.68,3426.92,3425.0,3425.49,8.279303
2019-01-29 02:19,1548699540,3425.42,3427.18,3424.09,3426.54,31.18435
2019-01-29 02:20,1548699600,3426.69,3428.12,3425.2,3426.68,16.335545
2019-01-29 02:21,1548699660,3425.87,3429.0,3425.79,3427.82,18.966869
2019-01-29 02:22,1548699720,3427.5,3429.57,3426.61,3427.44,17.665469
2019-01-29 02:23,1548699780,3427.74,3428.0,3426.58,3427.64,10.374666
2019-01-29 02:24,1548699840,3427.32,3430.0,3426.59,3429.78,51.663507
2019-01-29 02:25,1548699900,3429.76,3430.0,3422.61,3427.51,36.608157
2019-01-29 02:26,1548699960,3425.76,3427.5,3424.15,3425.23,11.602271
2019-01-29 02:27,1548700020,3425.21,3428.94,3425.15,3428.51,20.929368
2019-01-29 02:28,1548700080,3428.51,3430.0,3427.06,3427.85,25.595328
2019-01-29 02:29,1548700140,3428.89,3430.0,3427.86,3428.82,16.846784
2019-01-29 02:30,1548700200,3428.82,3430.0,3427.59,3428.67,22.440511
2019-01-29 02:31,1548700260,3428.31,3428.67,3426.48,3427.83,11.444236
2019-01-29 02:32,1548700320,3427.29,3427.7,3424.46,3424.97,14.508848
2019-01-29 02:33,1548700380,3424.22,3424.99,3420.05,3423.8,36.46852
2019-01-29 02:34,1548700440,3423.06,3424.08,3422.09,3423.3,10.323979
2019-01-29 02:35,1548700500,3423.82,3424.03,3421.44,3421.64,8.10114
2019-01-29 02:36,1548700560,3421.67,3424.08,3421.45,3422.43,17.18461
2019-01-29 02:37,1548700620,3423.36,3423.94,3422.48,3422.88,5.591065
2019-01-29 02:38,1548700680,3422.68,3422.81,3420.97,3421.23,31.57739
2019-01-29 02:39,1548700740,3422.4,3423.64,3421.23,3422.21,10.672676
2019-01-29 02:40,1548700800,3422.21,3425.0,3422.21,3423.87,12.045186
2019-01-29 02:41,1548700860,3424.38,3425.97,3423.93,3425.86,8.298897
2019-01-29 02:42,1548700920,3425.14,3425.9,3424.07,3424.57,15.548288
2019-01-29 02:43,1548700980,3424.8,3425.89,3424.08,3425.35,13.37048
2019-01-29 02:44,1548701040,3425.8,3425.8,3424.0,3425.02,10.118133
2019-01-29 02:45,1548701100,3425.18,3425.28,3424.36,3425.27,5.757016
2019-01-29 02:46,1548701160,3425.27,3425.27,3424.0,3425.27,5.789916
2019-01-29 02:47,1548701220,3425.27,3426.17,3425.27,3426.17,14.623062
2019-01-29 02:48,1548701280,3426.15,3426.17,3420.33,3425.33,49.829424
2019-01-29 02:49,1548701340,3423.53,3425.86,3423.22,3424.86,6.586489
2019-01-29 02:50,1548701400,3424.85,3425.21,3422.69,3423.61,16.48774
2019-01-29 02:51,1548701460,3423.6,3423.61,3420.0,3420.19,17.885339
2019-01-29 02:52,1548701520,3420.94,3422.09,3420.02,3420.02,8.873132
2019-01-29 02:53,1548701580,3420.0,3423.61,3420.0,3421.96,11.975686
2019-01-29 02:54,1548701640,3422.59,3424.66,3421.76,3424.66,13.371085
2019-01-29 02:55,1548701700,3424.67,3425.98,3424.08,3425.66,17.201086
2019-01-29 02:56,1548701760,3425.91,3426.03,3422.96,3424.91,14.310173
2019-01-29 02:57,1548701820,3424.91,3424.91,3422.96,3423.92,12.415585
2019-01-29 02:58,1548701880,3423.94,3424.39,3422.99,3423.45,5.543745
2019-01-29 02:59,1548701940,3423.47,3424.39,3422.97,3424.01,11.557021
2019-01-29 03:00,1548702000,3424.03,3424.03,3422.0,3422.06,34.693146
2019-01-29 03:01,1548702060,3423.47,3423.54,3420.52,3421.01,14.725504
2019-01-29 03:02,1548702120,3421.01,3421.77,3420.84,3420.85,13.49417
2019-01-29 03:03,1548702180,3420.85,3422.85,3420.85,3422.01,8.109791
2019-01-29 03:04,1548702240,3422.02,3422.75,3421.37,3422.15,6.702759
2019-01-29 03:05,1548702300,3421.61,3422.8,3420.95,3421.63,5.273638
2019-01-29 03:06,1548702360,3422.15,3422.15,3421.09,3422.1,5.321572
2019-01-29 03:07,1548702420,3422.1,3422.15,3420.85,3421.13,6.06529
2019-01-29 03:08,1548702480,3421.95,3422.1,3421.37,3421.53,5.045667
2019-01-29 03:09,1548702540,3421.55,3422.08,3420.85,3422.04,11.254902
2019-01-29 03:10,1548702600,3422.06,3422.85,3421.32,3422.71,11.112792
2019-01-29 03:11,1548702660,3422.69,3422.85,3421.8,3422.05,9.380993
2019-01-29 03:12,1548702720,3422.81,3422.85,3421.98,3422.73,5.787085
2019-01-29 03:13,1548702780,3422.75,3422.82,3421.0,3421.53,7.541049
2019-01-29 03:14,1548702840,3421.01,3422.14,3420.5,3420.84,18.133988
2019-01-29 03:15,1548702900,3420.51,3421.01,3420.23,3420.76,6.156867
2019-01-29 03:16,1548702960,3420.51,3421.01,3420.12,3420.49,7.856005
2019-01-29 03:17,1548703020,3420.93,3422.17,3420.0,3420.29,18.985427
2019-01-29 03:18,1548703080,3420.97,3422.59,3419.58,3420.43,19.172552
2019-01-29 03:19,1548703140,3419.69,3420.43,3419.0,3420.0,15.697303
2019-01-29 03:20,1548703200,3419.77,3420.46,3419.0,3419.73,13.405309
2019-01-29 03:21,1548703260,3419.83,3419.98,3418.01,3419.25,14.970553
2019-01-29 03:22,1548703320,3418.94,3419.73,3418.14,3419.63,21.377564
2019-01-29 03:23,1548703380,3418.79,3419.65,3417.01,3417.28,12.176972
2019-01-29 03:24,1548703440,3417.29,3417.98,3416.0,3417.9,10.979328
2019-01-29 03:25,1548703500,3417.92,3418.0,3416.37,3417.92,8.886339
2019-01-29 03:26,1548703560,3417.97,3418.0,3414.28,3417.5,17.409105
2019-01-29 03:27,1548703620,3417.42,3417.48,3415.86,3417.43,13.691381
2019-01-29 03:28,1548703680,3417.43,3418.66,3415.99,3418.66,18.628155
2019-01-29 03:29,1548703740,3418.66,3420.56,3418.2,3419.75,14.152112
2019-01-29 03:30,1548703800,3419.77,3421.0,3419.05,3420.63,9.669907
2019-01-29 03:31,1548703860,3420.82,3421.36,3419.2,3419.59,12.968568
2019-01-29 03:32,1548703920,3419.22,3419.93,3419.2,3419.93,8.460121
2019-01-29 03:33,1548703980,3419.93,3419.97,3419.2,3419.21,7.074415
2019-01-29 03:34,1548704040,3419.21,3419.51,3418.56,3418.56,12.533169
2019-01-29 03:35,1548704100,3418.98,3419.0,3415.81,3417.57,18.394419
2019-01-29 03:36,1548704160,3416.46,3418.84,3416.45,3418.37,5.778003
2019-01-29 03:37,1548704220,3417.94,3418.84,3415.29,3417.67,12.782843
2019-01-29 03:38,1548704280,3418.48,3418.84,3417.27,3418.79,5.210457
2019-01-29 03:39,1548704340,3418.79,3419.51,3417.76,3419.5,6.948743
2019-01-29 03:40,1548704400,3419.5,3421.0,3418.08,3421.0,10.886002
2019-01-29 03:41,1548704460,3420.11,3421.9,3419.29,3420.09,6.88305
2019-01-29 03:42,1548704520,3420.1,3420.73,3419.83,3419.83,7.705823
2019-01-29 03:43,1548704580,3420.38,3422.0,3419.86,3421.97,12.382013
2019-01-29 03:44,1548704640,3421.95,3422.0,3421.24,3421.94,9.132348
2019-01-29 03:45,1548704700,3422.0,3422.66,3421.93,3422.46,7.635631
2019-01-29 03:46,1548704760,3422.32,3422.66,3421.92,3422.0,6.812318
2019-01-29 03:47,1548704820,3421.98,3422.0,3421.26,3421.26,10.215415
2019-01-29 03:48,1548704880,3421.26,3422.0,3421.25,3422.0,3.859909
2019-01-29 03:49,1548704940,3422.0,3422.0,3420.92,3422.0,5.006478
2019-01-29 03:50,1548705000,3422.0,3422.68,3420.93,3422.67,11.161951
2019-01-29 03:51,1548705060,3422.67,3424.86,3422.16,3423.75,27.742475
2019-01-29 03:52,1548705120,3423.25,3424.01,3421.74,3423.39,6.282035
2019-01-29 03:53,1548705180,3423.37,3423.39,3422.31,3423.04,6.596251
2019-01-29 03:54,1548705240,3423.04,3423.39,3422.03,3422.7,7.070657
2019-01-29 03:55,1548705300,3422.79,3423.39,3422.2,3422.87,8.22828
2019-01-29 03:56,1548705360,3422.88,3423.38,3422.22,3422.61,7.90009
2019-01-29 03:57,1548705420,3422.96,3423.0,3421.93,3422.57,8.677863
2019-01-29 03:58,1548705480,3422.4,3422.68,3416.98,3421.34,19.527483
2019-01-29 03:59,1548705540,3421.36,3426.93,3421.36,3424.39,44.382205
2019-01-29 04:00,1548705600,3424.41,3426.49,3424.41,3425.6,8.24259
2019-01-29 04:01,1548705660,3426.3,3426.32,3421.0,3423.5,16.870687
2019-01-29 04:02,1548705720,3423.35,3425.34,3421.41,3425.02,9.98925
2019-01-29 04:03,1548705780,3425.21,3427.23,3424.68,3426.1,28.695217
2019-01-29 04:04,1548705840,3426.07,3426.52,3424.05,3426.16,9.099607
2019-01-29 04:05,1548705900,3426.14,3426.52,3424.49,3424.5,9.288135
2019-01-29 04:06,1548705960,3425.98,3426.0,3421.98,3423.53,14.629155
2019-01-29 04:07,1548706020,3423.13,3424.02,3421.13,3421.62,7.917883
2019-01-29 04:08,1548706080,3423.21,3423.21,3420.07,3422.66,12.211683
2019-01-29 04:09,1548706140,3422.66,3425.27,3421.49,3424.99,12.872157
2019-01-29 04:10,1548706200,3424.96,3425.91,3423.0,3425.88,15.584325
2019-01-29 04:11,1548706260,3425.33,3425.88,3424.31,3424.75,8.729438
2019-01-29 04:12,1548706320,3424.77,3425.7,3424.77,3425.0,11.860117
2019-01-29 04:13,1548706380,3425.54,3425.59,3424.0,3425.59,7.774385
2019-01-29 04:14,1548706440,3425.6,3426.0,3425.16,3425.96,15.136519
2019-01-29 04:15,1548706500,3425.83,3425.96,3423.41,3425.3,19.931525
2019-01-29 04:16,1548706560,3424.61,3426.0,3424.05,3426.0,27.298538
2019-01-29 04:17,1548706620,3425.96,3427.23,3425.01,3426.24,23.915961
2019-01-29 04:18,1548706680,3426.02,3426.93,3424.95,3426.0,22.40756
2019-01-29 04:19,1548706740,3426.21,3427.01,3425.9,3427.01,10.395659
2019-01-29 04:20,1548706800,3427.0,3427.23,3426.69,3427.17,10.368428
2019-01-29 04:21,1548706860,3427.71,3429.0,3427.18,3428.55,18.485953
2019-01-29 04:22,1548706920,3428.57,3429.06,3428.0,3428.52,18.388574
2019-01-29 04:23,1548706980,3429.0,3429.06,3428.52,3428.67,5.201477
2019-01-29 04:24,1548707040,3429.06,3430.0,3427.94,3429.96,18.682779
2019-01-29 04:25,1548707100,3429.91,3431.0,3429.14,3429.96,19.607083
2019-01-29 04:26,1548707160,3429.48,3432.07,3429.29,3432.06,19.498505
2019-01-29 04:27,1548707220,3432.06,3433.01,3431.32,3432.49,18.399186
2019-01-29 04:28,1548707280,3433.01,3433.5,3432.1,3433.21,16.697895
2019-01-29 04:29,1548707340,3433.26,3433.5,3431.08,3432.28,23.629157
2019-01-29 04:30,1548707400,3432.28,3432.28,3428.0,3431.98,25.610491
2019-01-29 04:31,1548707460,3431.5,3431.97,3430.0,3431.59,12.828221
2019-01-29 04:32,1548707520,3431.62,3432.2,3430.04,3431.46,8.76505
2019-01-29 04:33,1548707580,3431.46,3433.0,3431.46,3432.85,8.402166
2019-01-29 04:34,1548707640,3432.38,3433.25,3431.66,3433.0,6.832792
2019-01-29 04:35,1548707700,3433.25,3434.0,3431.98,3433.91,18.95248
2019-01-29 04:36,1548707760,3433.01,3433.91,3432.13,3432.88,8.383515
2019-01-29 04:37,1548707820,3432.86,3433.2,3430.77,3432.65,11.153213
2019-01-29 04:38,1548707880,3432.03,3433.0,3430.89,3432.64,6.65048
2019-01-29 04:39,1548707940,3432.77,3432.77,3431.05,3431.18,10.302429
2019-01-29 04:40,1548708000,3431.83,3431.89,3430.93,3430.98,7.741524
2019-01-29 04:41,1548708060,3430.81,3431.53,3430.76,3430.76,9.919317
2019-01-29 04:42,1548708120,3430.76,3430.79,3426.17,3426.28,57.6202
2019-01-29 04:43,1548708180,3426.92,3429.97,3426.26,3428.97,13.675549
2019-01-29 04:44,1548708240,3428.97,3429.67,3427.12,3429.34,17.240631
2019-01-29 04:45,1548708300,3429.31,3431.44,3428.05,3429.3,21.94841
2019-01-29 04:46,1548708360,3428.86,3431.23,3428.86,3429.25,9.186165
2019-01-29 04:47,1548708420,3429.73,3429.73,3428.6,3429.31,7.353752
2019-01-29 04:48,1548708480,3429.3,3429.3,3428.59,3429.27,13.094726
2019-01-29 04:49,1548708540,3428.63,3430.61,3428.0,3429.71,19.609575
2019-01-29 04:50,1548708600,3429.84,3430.0,3428.97,3429.0,6.00878
2019-01-29 04:51,1548708660,3429.0,3430.44,3428.97,3429.37,8.243686
2019-01-29 04:52,1548708720,3429.33,3429.98,3428.97,3429.98,15.528396
2019-01-29 04:53,1548708780,3429.99,3430.81,3429.25,3430.27,7.712297
2019-01-29 04:54,1548708840,3430.22,3431.15,3429.58,3430.37,16.960977
2019-01-29 04:55,1548708900,3430.39,3431.0,3429.25,3430.26,7.958966
2019-01-29 04:56,1548708960,3430.26,3430.26,3428.97,3430.26,14.784283
2019-01-29 04:57,1548709020,3429.85,3430.26,3428.4,3428.85,9.915066
2019-01-29 04:58,1548709080,3428.85,3428.98,3427.68,3427.87,9.900491
2019-01-29 04:59,1548709140,3427.87,3428.0,3427.41,3428.0,5.299184
2019-01-29 05:00,1548709200,3427.43,3427.9,3427.26,3427.27,10.768229
2019-01-29 05:01,1548709260,3427.26,3427.53,3425.9,3425.91,27.912493
2019-01-29 05:02,1548709320,3425.95,3426.0,3424.0,3425.04,22.034052
2019-01-29 05:03,1548709380,3425.61,3426.65,3424.99,3425.86,9.49046
2019-01-29 05:04,1548709440,3425.85,3426.63,3425.02,3426.6,5.816096
2019-01-29 05:05,1548709500,3426.54,3426.63,3425.02,3426.37,5.286264
2019-01-29 05:06,1548709560,3426.37,3426.62,3424.63,3426.01,7.355767
2019-01-29 05:07,1548709620,3426.01,3427.32,3424.44,3426.66,7.820384
2019-01-29 05:08,1548709680,3426.95,3427.3,3424.79,3427.02,7.149445
2019-01-29 05:09,1548709740,3427.03,3427.03,3426.92,3427.02,5.859327
2019-01-29 05:10,1548709800,3427.02,3428.98,3427.01,3428.13,21.216923
2019-01-29 05:11,1548709860,3428.11,3430.02,3428.09,3429.01,42.847105
2019-01-29 05:12,1548709920,3429.01,3429.6,3428.1,3429.32,9.033244
2019-01-29 05:13,1548709980,3429.31,3429.76,3428.48,3429.33,5.782812
2019-01-29 05:14,1548710040,3429.6,3429.87,3428.49,3429.25,8.887101
2019-01-29 05:15,1548710100,3429.29,3429.8,3429.04,3429.13,6.007155
2019-01-29 05:16,1548710160,3429.45,3431.2,3429.13,3430.94,18.435575
2019-01-29 05:17,1548710220,3431.18,3431.94,3430.82,3431.94,4.526963
2019-01-29 05:18,1548710280,3431.94,3432.91,3431.37,3432.54,11.697253
2019-01-29 05:19,1548710340,3432.85,3433.3,3431.94,3431.95,8.412794
2019-01-29 05:20,1548710400,3432.66,3432.66,3431.94,3432.49,4.288726
2019-01-29 05:21,1548710460,3431.96,3432.44,3431.56,3431.96,7.730451
2019-01-29 05:22,1548710520,3431.99,3432.0,3429.13,3429.13,13.654677
2019-01-29 05:23,1548710580,3429.14,3430.13,3429.13,3429.31,23.149817
2019-01-29 05:24,1548710640,3429.29,3430.03,3429.13,3429.85,11.623129
2019-01-29 05:25,1548710700,3430.24,3431.7,3429.34,3430.76,12.863595
2019-01-29 05:26,1548710760,3430.82,3432.43,3430.08,3431.27,6.479287
2019-01-29 05:27,1548710820,3431.27,3431.94,3431.04,3431.4,8.518428
2019-01-29 05:28,1548710880,3431.44,3432.0,3431.23,3431.92,5.724417
2019-01-29 05:29,1548710940,3431.68,3432.48,3431.68,3432.44,6.655966
2019-01-29 05:30,1548711000,3432.48,3433.0,3429.8,3429.8,12.577543
2019-01-29 05:31,1548711060,3429.73,3431.2,3429.33,3429.5,3.947156
2019-01-29 05:32,1548711120,3429.5,3431.22,3429.13,3429.19,11.871932
2019-01-29 05:33,1548711180,3429.34,3429.89,3428.0,3428.77,7.363879
2019-01-29 05:34,1548711240,3429.04,3429.95,3427.83,3429.79,5.714192
2019-01-29 05:35,1548711300,3429.37,3430.45,3428.91,3429.91,2.695647
2019-01-29 05:36,1548711360,3429.94,3430.98,3429.02,3430.22,6.083387
2019-01-29 05:37,1548711420,3430.61,3431.36,3430.24,3431.22,2.885694
2019-01-29 05:38,1548711480,3430.69,3431.22,3430.03,3430.65,3.52001
2019-01-29 05:39,1548711540,3430.71,3431.21,3429.32,3429.94,9.721442
2019-01-29 05:40,1548711600,3429.94,3429.95,3425.3,3425.87,41.478895
2019-01-29 05:41,1548711660,3425.33,3427.42,3425.0,3425.06,16.823378
2019-01-29 05:42,1548711720,3426.25,3426.25,3423.96,3425.83,11.551144
2019-01-29 05:43,1548711780,3425.8,3425.8,3421.24,3421.83,23.579004
2019-01-29 05:44,1548711840,3422.64,3425.0,3421.87,3424.98,26.585056
2019-01-29 05:45,1548711900,3424.42,3425.0,3423.01,3424.21,9.768712
2019-01-29 05:46,1548711960,3424.33,3425.0,3422.78,3424.31,9.022885
2019-01-29 05:47,1548712020,3424.2,3424.66,3422.23,3422.46,9.294641
2019-01-29 05:48,1548712080,3423.0,3424.88,3422.48,3424.59,5.333016
2019-01-29 05:49,1548712140,3424.99,3425.77,3421.89,3423.96,16.147465
2019-01-29 05:50,1548712200,3424.13,3424.14,3421.5,3423.99,7.845475
2019-01-29 05:51,1548712260,3423.99,3424.14,3421.72,3423.8,15.873679
2019-01-29 05:52,1548712320,3423.17,3424.14,3422.98,3423.95,4.435542
2019-01-29 05:53,1548712380,3423.96,3426.24,3423.33,3424.15,17.379537
2019-01-29 05:54,1548712440,3424.15,3425.52,3423.34,3424.83,5.800447
2019-01-29 05:55,1548712500,3424.83,3424.83,3422.98,3423.96,6.205002
2019-01-29 05:56,1548712560,3423.95,3423.95,3421.23,3422.26,9.13608
2019-01-29 05:57,1548712620,3422.26,3425.0,3420.97,3422.29,19.735786
2019-01-29 05:58,1548712680,3423.16,3425.34,3423.16,3425.33,4.085863
2019-01-29 05:59,1548712740,3425.33,3425.33,3422.77,3423.01,3.983858
2019-01-29 06:00,1548712800,3423.03,3426.13,3422.87,3424.01,7.103873
2019-01-29 06:01,1548712860,3424.95,3426.28,3424.01,3425.59,5.701098
2019-01-29 06:02,1548712920,3425.61,3429.61,3425.61,3429.49,14.114195
2019-01-29 06:03,1548712980,3429.46,3429.9,3427.83,3428.71,7.176369
2019-01-29 06:04,1548713040,3428.69,3429.85,3427.47,3428.42,6.115212
2019-01-29 06:05,1548713100,3428.39,3428.91,3427.0,3427.47,9.432024
2019-01-29 06:06,1548713160,3427.51,3427.86,3427.0,3427.76,4.877106
2019-01-29 06:07,1548713220,3427.01,3427.94,3426.31,3427.32,12.07704
2019-01-29 06:08,1548713280,3427.9,3428.44,3426.59,3428.4,5.578325
2019-01-29 06:09,1548713340,3428.42,3428.91,3426.97,3428.13,6.179629
2019-01-29 06:10,1548713400,3427.94,3428.63,3427.16,3427.86,3.130567
2019-01-29 06:11,1548713460,3427.76,3428.91,3427.19,3427.81,6.552363
2019-01-29 06:12,1548713520,3428.01,3428.91,3428.01,3428.7,4.850712
2019-01-29 06:13,1548713580,3428.9,3430.0,3428.23,3429.75,4.335214
2019-01-29 06:14,1548713640,3428.82,3430.0,3428.82,3429.92,5.590603
2019-01-29 06:15,1548713700,3429.8,3430.0,3429.01,3429.91,8.184445
2019-01-29 06:16,1548713760,3429.91,3430.0,3428.63,3429.76,11.701874
2019-01-29 06:17,1548713820,3429.25,3429.76,3428.99,3429.03,3.281655
2019-01-29 06:18,1548713880,3429.03,3429.03,3427.68,3428.45,4.858244
2019-01-29 06:19,1548713940,3428.96,3429.03,3428.26,3429.01,4.325634
2019-01-29 06:20,1548714000,3428.32,3428.98,3427.73,3428.15,6.341275
2019-01-29 06:21,1548714060,3428.15,3428.5,3427.69,3428.12,5.30907
2019-01-29 06:22,1548714120,3428.4,3428.4,3427.0,3428.1,6.006328
2019-01-29 06:23,1548714180,3428.33,3428.33,3427.0,3427.19,5.901686
2019-01-29 06:24,1548714240,3427.19,3428.28,3427.05,3428.0,5.733246
2019-01-29 06:25,1548714300,3427.35,3428.0,3425.52,3427.52,14.563135
2019-01-29 06:26,1548714360,3426.42,3427.88,3425.0,3427.58,6.705193
2019-01-29 06:27,1548714420,3426.83,3427.99,3425.25,3427.65,5.955852
2019-01-29 06:28,1548714480,3427.63,3427.8,3426.0,3426.92,6.887619
2019-01-29 06:29,1548714540,3426.92,3428.49,3426.0,3427.78,10.954347
2019-01-29 06:30,1548714600,3427.62,3428.93,3427.0,3428.85,3.993355
2019-01-29 06:31,1548714660,3428.86,3428.86,3427.0,3427.59,5.635545
2019-01-29 06:32,1548714720,3427.5,3427.62,3427.29,3427.62,5.38613
2019-01-29 06:33,1548714780,3427.61,3427.8,3427.0,3427.29,8.638487
2019-01-29 06:34,1548714840,3427.76,3428.43,3426.79,3428.39,7.221443
2019-01-29 06:35,1548714900,3428.39,3429.02,3428.25,3429.02,5.2136
2019-01-29 06:36,1548714960,3428.98,3430.0,3428.22,3429.56,14.055316
2019-01-29 06:37,1548715020,3430.0,3430.0,3429.15,3430.0,19.594413
2019-01-29 06:38,1548715080,3430.0,3430.0,3429.02,3430.0,5.369089
2019-01-29 06:39,1548715140,3430.0,3431.0,3429.86,3430.71,6.666805
2019-01-29 06:40,1548715200,3430.71,3435.95,3429.89,3435.28,74.029727
2019-01-29 06:41,1548715260,3435.29,3438.0,3433.06,3433.12,51.807766
2019-01-29 06:42,1548715320,3433.56,3436.66,3433.05,3433.67,27.494622
2019-01-29 06:43,1548715380,3433.83,3434.48,3433.0,3433.88,20.214589
2019-01-29 06:44,1548715440,3433.59,3433.85,3433.0,3433.75,8.05086
2019-01-29 06:45,1548715500,3433.75,3436.58,3433.02,3435.05,9.977629
2019-01-29 06:46,1548715560,3435.02,3436.27,3433.13,3434.02,11.825344
2019-01-29 06:47,1548715620,3434.59,3435.0,3433.31,3433.74,13.707079
2019-01-29 06:48,1548715680,3434.03,3436.91,3433.0,3436.89,14.518526
2019-01-29 06:49,1548715740,3436.89,3436.91,3435.1,3435.71,14.227784
2019-01-29 06:50,1548715800,3435.72,3438.0,3435.16,3437.45,21.863089
2019-01-29 06:51,1548715860,3438.0,3439.0,3435.0,3435.68,31.144972
2019-01-29 06:52,1548715920,3435.28,3437.99,3435.08,3437.07,22.877742
2019-01-29 06:53,1548715980,3437.08,3439.33,3436.04,3437.42,10.141862
2019-01-29 06:54,1548716040,3436.59,3439.67,3436.03,3436.41,20.698408
2019-01-29 06:55,1548716100,3436.03,3437.02,3433.11,3433.19,16.835173
2019-01-29 06:56,1548716160,3434.06,3436.89,3433.99,3436.0,10.666961
2019-01-29 06:57,1548716220,3436.02,3436.89,3434.07,3436.32,9.425794
2019-01-29 06:58,1548716280,3436.3,3439.0,3434.96,3435.9,10.773724
2019-01-29 06:59,1548716340,3435.9,3437.76,3435.07,3435.07,12.37795
2019-01-29 07:00,1548716400,3437.31,3438.0,3436.0,3437.99,11.645158
2019-01-29 07:01,1548716460,3437.97,3440.57,3436.64,3438.51,36.584422
2019-01-29 07:02,1548716520,3438.66,3439.83,3436.03,3437.63,14.593366
2019-01-29 07:03,1548716580,3438.68,3439.55,3436.96,3439.55,9.684625
2019-01-29 07:04,1548716640,3439.54,3439.54,3438.07,3438.71,11.562335
2019-01-29 07:05,1548716700,3438.47,3439.55,3438.33,3439.36,9.863649
2019-01-29 07:06,1548716760,3438.84,3440.38,3437.82,3439.4,19.293144
2019-01-29 07:07,1548716820,3439.64,3439.86,3437.82,3438.99,9.179588
2019-01-29 07:08,1548716880,3439.12,3445.28,3438.76,3444.18,27.897704
2019-01-29 07:09,1548716940,3441.71,3443.88,3441.68,3443.45,13.355315
2019-01-29 07:10,1548717000,3443.43,3443.5,3442.0,3442.0,14.999667
2019-01-29 07:11,1548717060,3442.0,3443.22,3442.0,3443.22,9.769219
2019-01-29 07:12,1548717120,3443.0,3445.59,3442.87,3443.84,27.063361
2019-01-29 07:13,1548717180,3443.48,3445.6,3442.93,3443.92,15.923444
2019-01-29 07:14,1548717240,3443.92,3445.56,3442.86,3443.44,13.883223
2019-01-29 07:15,1548717300,3443.5,3445.41,3442.66,3443.78,38.753119
2019-01-29 07:16,1548717360,3444.38,3445.58,3443.78,3443.78,39.190887
2019-01-29 07:17,1548717420,3443.78,3445.56,3443.78,3444.03,22.813438
2019-01-29 07:18,1548717480,3444.03,3444.8,3443.38,3443.8,23.716487
2019-01-29 07:19,1548717540,3443.43,3444.43,3439.58,3441.05,21.038752
2019-01-29 07:20,1548717600,3440.76,3441.11,3438.73,3438.75,20.033234
2019-01-29 07:21,1548717660,3439.85,3439.85,3435.77,3437.73,74.960672
2019-01-29 07:22,1548717720,3436.85,3439.05,3436.67,3438.06,18.219612
2019-01-29 07:23,1548717780,3438.08,3442.65,3438.08,3441.27,22.795617
2019-01-29 07:24,1548717840,3440.4,3442.0,3440.25,3440.98,11.702584
2019-01-29 07:25,1548717900,3440.56,3442.0,3440.39,3441.15,10.9086
2019-01-29 07:26,1548717960,3441.97,3442.65,3441.0,3442.07,9.666487
2019-01-29 07:27,1548718020,3441.92,3442.43,3440.39,3441.12,13.970069
2019-01-29 07:28,1548718080,3441.22,3445.99,3440.81,3440.98,18.561428
2019-01-29 07:29,1548718140,3440.75,3441.19,3439.01,3439.37,14.69838
2019-01-29 07:30,1548718200,3439.9,3440.98,3438.93,3440.61,9.652456
2019-01-29 07:31,1548718260,3440.59,3443.5,3440.01,3441.96,51.173395
2019-01-29 07:32,1548718320,3441.93,3443.34,3440.64,3443.34,13.782152
2019-01-29 07:33,1548718380,3442.04,3443.34,3441.92,3441.94,8.908748
2019-01-29 07:34,1548718440,3441.92,3443.0,3440.01,3442.25,13.695537
2019-01-29 07:35,1548718500,3442.25,3443.35,3440.75,3442.43,14.427093
2019-01-29 07:36,1548718560,3441.85,3443.35,3441.0,3442.44,7.437489
2019-01-29 07:37,1548718620,3442.44,3443.35,3440.65,3441.0,7.58977
2019-01-29 07:38,1548718680,3441.0,3441.02,3440.01,3440.01,11.850926
2019-01-29 07:39,1548718740,3440.03,3440.03,3439.16,3439.88,7.623782
2019-01-29 07:40,1548718800,3439.86,3440.01,3438.88,3439.5,9.557355
2019-01-29 07:41,1548718860,3439.48,3439.48,3438.88,3438.88,9.908983
2019-01-29 07:42,1548718920,3439.05,3439.37,3438.0,3438.63,18.893952
2019-01-29 07:43,1548718980,3438.63,3438.63,3437.81,3437.89,9.150242
2019-01-29 07:44,1548719040,3438.42,3439.15,3437.77,3437.91,18.11998
2019-01-29 07:45,1548719100,3437.89,3439.01,3437.54,3437.59,8.340926
2019-01-29 07:46,1548719160,3437.73,3437.89,3435.84,3437.42,11.544551
2019-01-29 07:47,1548719220,3437.42,3437.42,3435.84,3436.35,9.39125
2019-01-29 07:48,1548719280,3436.83,3438.23,3436.37,3437.92,7.014726
2019-01-29 07:49,1548719340,3437.15,3438.75,3435.4,3436.0,11.932073
2019-01-29 07:50,1548719400,3435.98,3436.28,3435.37,3435.38,9.053686
2019-01-29 07:51,1548719460,3435.4,3436.59,3435.17,3435.3,14.743658
